"Data for Figure S5: Comparison between available regulatory POD values (PODreg,BMDh) and estimated PODp05BMDh (A-B), PODp15BMDh (C-D), PODp25BMDh (E-F), PODp35BMDh (G-H), differentiating between general non-cancer effects (left side, n=744) and reproductive/developmental effects (right side, n=41). The black line represents the 1:1 line, while the red line is the best fit. ",,,,,,,,,,,
non-reproductive/developmental effects (general non-cancer effects),,,,,,reproductive/developmental effects,,,,,
casrn,Log10 PODp05BMDh,Log10 PODp15BMDh,Log10 PODp25BMDh,Log10 PODp35BMDh,"Log10 PODreg,BMDh",casrn,Log10 PODp05BMDh,Log10 PODp15BMDh,Log10 PODp25BMDh,Log10 PODp35BMDh,"Log10 PODreg,BMDh"
100-00-5,-1.601,-1.286,-1.099,-0.949,-0.891,10049-04-4,0.089,0.198,0.263,0.315,0.191
100-01-6,-0.973,-0.508,-0.232,-0.011,0.286,103-23-1,1.494,1.704,1.829,1.929,1.944
100-21-0,1.309,1.644,1.843,2.002,2.193,10453-86-8,0.567,0.763,0.879,0.972,0.635
100-25-4,-1.414,-1.079,-0.880,-0.721,-0.534,104-76-7,1.102,1.376,1.538,1.669,0.732
100-41-4,1.227,1.389,1.486,1.563,2.028,106-89-8,-0.604,-0.095,0.208,0.450,0.033
100-42-5,1.328,1.629,1.809,1.952,2.728,107-13-1,-0.572,-0.197,0.026,0.204,-0.364
100-44-7,-0.615,-0.280,-0.081,0.078,0.369,109-86-4,0.444,0.757,0.943,1.092,0.413
100-51-6,1.472,1.674,1.795,1.891,2.030,111-77-3,1.699,2.010,2.195,2.342,0.944
100-52-7,1.601,1.763,1.860,1.938,1.917,112-27-6,1.759,2.186,2.441,2.644,1.714
100-61-8,-0.438,-0.104,0.096,0.255,0.563,118-52-5,1.717,1.990,2.153,2.283,1.941
100646-51-3,-1.110,-0.775,-0.576,-0.417,-0.093,122836-35-5,0.355,0.631,0.796,0.927,0.714
100784-20-1,0.745,1.115,1.334,1.510,1.398,153719-23-4,0.613,0.971,1.184,1.355,-0.207
101-14-4,-0.138,0.196,0.396,0.555,0.702,162650-77-3,-0.285,-0.011,0.152,0.282,0.454
101200-48-0,-0.472,-0.080,0.154,0.340,0.211,1918-00-9,0.535,0.881,1.087,1.252,0.418
101-21-3,0.958,1.312,1.523,1.692,1.609,210880-92-5,0.478,0.692,0.819,0.921,0.705
1024-57-3,-2.224,-1.890,-1.691,-1.532,-2.070,2212-67-1,-1.508,-0.892,-0.526,-0.234,-0.985
10265-92-6,-2.104,-1.625,-1.340,-1.112,-1.502,2312-35-8,-0.051,0.293,0.498,0.662,0.242
102-76-1,1.625,1.959,2.158,2.317,2.333,23564-05-8,0.147,0.349,0.469,0.564,0.617
1031-07-8,-1.261,-0.927,-0.727,-0.568,-0.102,239110-15-7,1.010,1.162,1.253,1.325,1.242
103-23-1,1.743,1.917,2.021,2.103,2.095,243973-20-8,1.157,1.431,1.594,1.724,1.418
103361-09-7,-0.586,0.016,0.374,0.660,0.253,27176-87-0,0.840,1.230,1.463,1.648,1.413
103-65-1,1.214,1.549,1.748,1.907,2.028,51218-45-2,0.407,0.833,1.086,1.288,0.890
103-72-0,-0.652,-0.318,-0.119,0.040,0.095,556-88-7,1.654,1.892,2.033,2.146,2.441
104040-78-0,-0.645,-0.310,-0.111,0.048,0.154,5598-13-0,-1.223,-0.800,-0.548,-0.347,-0.286
104098-48-8,1.809,2.025,2.154,2.256,2.057,58138-08-2,-1.507,-1.233,-1.070,-0.940,-0.768
104206-82-8,-1.408,-0.454,0.114,0.567,-0.280,59-50-7,0.832,1.048,1.176,1.279,1.191
104-51-8,1.323,1.658,1.857,2.016,2.240,60168-88-9,-1.374,-0.835,-0.515,-0.259,-0.198
10453-86-8,0.787,1.186,1.424,1.614,1.496,62-75-9,-3.355,-3.081,-2.918,-2.788,-2.443
104-76-7,1.444,1.681,1.822,1.934,1.423,71751-41-2,-1.452,-1.207,-1.061,-0.944,-1.207
105511-96-4,-2.411,-2.077,-1.878,-1.719,-1.482,72-43-5,0.076,0.350,0.512,0.643,0.641
105-60-2,1.107,1.435,1.630,1.786,1.563,74-11-3,0.551,0.825,0.988,1.118,1.140
105-67-9,0.986,1.232,1.378,1.495,1.618,756-79-6,1.416,1.690,1.853,1.983,1.490
10599-90-3,0.227,0.392,0.490,0.568,0.930,7758-19-2,0.021,0.225,0.347,0.444,0.191
106325-08-0,-0.650,-0.316,-0.117,0.042,0.341,78-92-2,1.972,2.187,2.315,2.417,2.682
106-37-6,-0.002,0.333,0.532,0.691,0.864,79-01-6,-1.999,-0.970,-0.358,0.131,-2.428
106-42-3,1.460,1.642,1.751,1.838,1.967,79-10-7,1.291,1.513,1.645,1.750,1.438
106-43-4,0.377,0.712,0.911,1.070,1.864,88-06-2,0.104,0.378,0.541,0.671,0.191
106-44-5,0.926,1.236,1.420,1.567,1.094,88-74-4,1.498,1.717,1.847,1.951,1.890
106-46-7,1.000,1.301,1.480,1.623,1.232,88-85-7,-0.346,-0.073,0.090,0.220,-0.763
106-47-8,-0.835,-0.467,-0.248,-0.073,0.383,94-81-5,0.379,0.652,0.815,0.945,1.238
106-49-0,0.023,0.358,0.557,0.716,0.746,95-57-8,-0.189,0.085,0.247,0.378,0.413
106-50-3,-0.706,-0.258,0.009,0.223,0.690,,,,,,
106-93-4,0.582,0.756,0.859,0.942,0.995,,,,,,
107-02-8,-1.633,-1.118,-0.812,-0.567,-1.738,,,,,,
107-06-2,0.430,0.813,1.041,1.223,1.151,,,,,,
107-07-3,1.038,1.185,1.273,1.343,1.611,,,,,,
107-13-1,-0.762,-0.483,-0.316,-0.183,0.225,,,,,,
107-15-3,0.741,0.850,0.915,0.967,0.819,,,,,,
1071-83-6,1.041,1.424,1.652,1.834,1.732,,,,,,
107-18-6,-0.526,-0.181,0.024,0.188,0.590,,,,,,
107-19-7,-0.713,-0.213,0.084,0.321,0.651,,,,,,
107-21-1,1.506,1.807,1.987,2.130,2.306,,,,,,
1073-06-9,-1.102,-0.767,-0.568,-0.409,-0.136,,,,,,
107534-96-3,0.023,0.358,0.557,0.716,0.398,,,,,,
107-98-2,1.844,2.140,2.317,2.458,3.017,,,,,,
108-05-4,1.562,1.747,1.857,1.945,1.864,,,,,,
108-10-1,1.508,1.738,1.874,1.983,2.306,,,,,,
108-31-6,0.675,0.914,1.056,1.170,0.908,,,,,,
108-36-1,-1.111,-0.776,-0.577,-0.418,-0.056,,,,,,
108-38-3,1.397,1.587,1.700,1.790,1.967,,,,,,
108-39-4,1.166,1.394,1.529,1.638,1.651,,,,,,
108-45-2,-0.302,0.032,0.232,0.391,0.819,,,,,,
108-60-1,-0.016,0.447,0.722,0.942,1.341,,,,,,
108-62-3,0.417,0.686,0.847,0.975,1.398,,,,,,
108-86-1,0.550,0.884,1.083,1.242,1.408,,,,,,
108-88-3,1.844,1.994,2.083,2.155,2.241,,,,,,
108-90-7,-0.495,0.232,0.664,1.009,1.765,,,,,,
108-91-8,1.128,1.184,1.217,1.243,1.296,,,,,,
108-94-1,1.885,2.097,2.223,2.324,2.529,,,,,,
108-95-2,0.274,0.754,1.039,1.267,1.833,,,,,,
108-98-5,-0.445,-0.110,0.089,0.248,-0.848,,,,,,
109293-98-3,1.131,1.465,1.664,1.823,1.725,,,,,,
109-69-3,1.416,1.530,1.597,1.651,1.600,,,,,,
109-77-3,-1.480,-1.145,-0.946,-0.787,-0.446,,,,,,
109-78-4,1.009,1.181,1.284,1.366,1.734,,,,,,
109-99-9,2.087,2.422,2.621,2.780,2.832,,,,,,
110-00-9,-0.282,-0.129,-0.039,0.034,0.141,,,,,,
110235-47-7,-0.405,-0.070,0.129,0.288,0.794,,,,,,
110488-70-5,0.499,0.804,0.985,1.130,0.994,,,,,,
110-49-6,-0.549,-0.214,-0.015,0.144,0.318,,,,,,
110-54-3,1.323,1.657,1.857,2.016,2.275,,,,,,
11071-15-1,-2.044,-1.709,-1.510,-1.351,-0.754,,,,,,
110-80-5,0.625,1.157,1.473,1.726,1.957,,,,,,
110-83-8,0.447,0.781,0.980,1.139,0.546,,,,,,
110-86-1,-0.269,-0.050,0.080,0.184,-0.136,,,,,,
11097-69-1,-3.502,-2.496,-1.897,-1.419,-2.462,,,,,,
111-15-9,1.254,1.588,1.787,1.946,2.338,,,,,,
11126-42-4,-0.957,-0.622,-0.423,-0.264,0.097,,,,,,
111-30-8,0.196,0.522,0.715,0.870,0.642,,,,,,
111-42-2,0.267,0.476,0.600,0.699,0.700,,,,,,
1114-71-2,-0.252,0.082,0.281,0.440,0.192,,,,,,
111-48-8,1.478,1.789,1.974,2.122,2.197,,,,,,
111-84-2,0.004,0.391,0.622,0.806,0.560,,,,,,
111-90-0,1.780,2.053,2.215,2.345,2.263,,,,,,
111-91-1,0.152,0.498,0.704,0.869,1.040,,,,,,
111988-49-9,-0.362,0.040,0.279,0.470,0.120,,,,,,
111991-09-4,0.650,1.154,1.453,1.693,2.407,,,,,,
112143-82-5,-2.082,-1.326,-0.876,-0.517,-1.475,,,,,,
112281-77-3,-0.360,-0.127,0.012,0.123,0.261,,,,,,
112-34-5,1.549,1.753,1.874,1.971,1.773,,,,,,
112410-23-8,0.123,0.328,0.450,0.548,0.641,,,,,,
113136-77-9,-0.161,0.261,0.512,0.712,-0.224,,,,,,
1134-23-2,-0.705,-0.266,-0.005,0.204,-0.261,,,,,,
113-48-4,0.879,1.185,1.368,1.513,1.261,,,,,,
114-26-1,-0.712,-0.042,0.356,0.674,-0.356,,,,,,
114369-43-6,-0.286,-0.071,0.057,0.159,0.430,,,,,,
115-29-7,-1.063,-0.688,-0.465,-0.287,-0.285,,,,,,
115-32-2,-1.320,-0.654,-0.259,0.057,-0.611,,,,,,
115-96-8,0.278,0.638,0.853,1.024,1.018,,,,,,
116-06-3,-2.442,-2.016,-1.763,-1.561,-1.556,,,,,,
116714-46-6,-0.427,-0.002,0.251,0.452,-0.094,,,,,,
117337-19-6,-1.650,-0.771,-0.248,0.170,-1.037,,,,,,
117-81-7,-0.103,0.631,1.068,1.417,0.647,,,,,,
117-84-0,0.799,1.134,1.333,1.492,1.606,,,,,,
118134-30-8,0.398,0.629,0.767,0.877,0.840,,,,,,
118-52-5,1.928,2.140,2.267,2.368,2.430,,,,,,
118-74-1,-2.584,-2.208,-1.984,-1.805,-1.645,,,,,,
118-79-6,0.621,0.956,1.155,1.314,1.828,,,,,,
118-96-7,-1.229,-0.655,-0.315,-0.042,-0.292,,,,,,
119446-68-3,-0.602,-0.142,0.131,0.350,-0.153,,,,,,
119-90-4,-0.704,-0.369,-0.170,-0.011,-0.919,,,,,,
120068-37-3,-1.961,-1.377,-1.030,-0.752,-1.888,,,,,,
120116-88-3,0.888,1.315,1.569,1.773,1.896,,,,,,
120-12-7,1.884,2.218,2.417,2.576,2.875,,,,,,
120-61-6,1.378,1.625,1.772,1.889,1.660,,,,,,
120-82-1,0.422,0.694,0.856,0.985,1.071,,,,,,
120-83-2,-1.207,-0.455,-0.008,0.349,-0.570,,,,,,
121-14-2,-0.963,-0.694,-0.533,-0.405,-0.286,,,,,,
12122-67-7,-0.030,0.304,0.503,0.662,0.961,,,,,,
121552-61-2,-0.055,0.427,0.713,0.942,0.472,,,,,,
121-69-7,0.132,0.366,0.506,0.618,0.753,,,,,,
121-75-5,-0.145,0.336,0.623,0.852,0.240,,,,,,
121-82-4,-0.875,-0.349,-0.036,0.214,0.217,,,,,,
122008-85-9,-0.729,-0.171,0.161,0.426,-0.037,,,,,,
122-14-5,-1.226,-0.688,-0.368,-0.113,-0.505,,,,,,
122-34-9,-1.658,-0.957,-0.539,-0.206,-0.211,,,,,,
122-39-4,-0.016,0.398,0.645,0.841,0.880,,,,,,
122-42-9,0.748,1.082,1.281,1.440,1.563,,,,,,
122453-73-0,0.051,0.239,0.351,0.441,0.338,,,,,,
122836-35-5,0.852,1.068,1.196,1.299,0.864,,,,,,
122931-48-0,0.486,0.817,1.013,1.170,1.024,,,,,,
123-30-8,0.626,0.941,1.129,1.278,1.739,,,,,,
123312-89-0,-0.532,-0.061,0.220,0.444,-0.383,,,,,,
123-31-9,0.581,0.833,0.984,1.104,0.778,,,,,,
123-33-1,1.234,1.450,1.579,1.681,1.745,,,,,,
123-73-9,-0.279,0.055,0.254,0.413,0.634,,,,,,
123-77-3,1.067,1.402,1.601,1.760,2.121,,,,,,
123-91-1,0.418,0.849,1.105,1.310,1.023,,,,,,
124-04-9,1.631,1.966,2.165,2.324,2.624,,,,,,
12427-38-2,0.166,0.536,0.756,0.931,0.701,,,,,,
124-48-1,0.815,0.988,1.091,1.174,1.371,,,,,,
124-58-3,-0.502,-0.167,0.032,0.191,0.063,,,,,,
125116-23-6,-0.318,0.017,0.216,0.375,0.586,,,,,,
125401-92-5,0.441,0.845,1.086,1.278,1.486,,,,,,
126-33-0,0.199,0.654,0.924,1.140,0.327,,,,,,
126535-15-7,-0.169,0.284,0.553,0.769,0.310,,,,,,
126-73-8,0.543,0.971,1.226,1.430,0.813,,,,,,
12674-11-2,-2.889,-2.555,-2.356,-2.197,-1.957,,,,,,
126833-17-8,1.278,1.583,1.764,1.909,1.599,,,,,,
127277-53-6,1.297,1.669,1.890,2.067,1.699,,,,,,
127-63-9,0.488,0.588,0.647,0.695,0.767,,,,,,
12789-03-6,-1.794,-1.453,-1.251,-1.089,-0.861,,,,,,
128-37-0,0.432,0.837,1.078,1.270,1.406,,,,,,
128639-02-1,-0.165,0.323,0.614,0.845,0.430,,,,,,
129-00-0,0.549,0.883,1.082,1.241,1.794,,,,,,
129630-19-9,0.222,0.787,1.122,1.391,1.176,,,,,,
129909-90-6,0.166,0.517,0.726,0.893,0.523,,,,,,
13071-79-9,-2.908,-2.573,-2.374,-2.215,-2.062,,,,,,
131341-86-1,0.583,0.899,1.086,1.236,0.828,,,,,,
1314-62-1,-1.002,-0.667,-0.468,-0.309,-0.186,,,,,,
1314-84-7,-1.175,-0.841,-0.642,-0.483,0.406,,,,,,
131807-57-3,-0.288,0.077,0.294,0.468,0.155,,,,,,
131860-33-8,0.692,0.946,1.098,1.219,1.178,,,,,,
131-89-5,-1.127,-0.793,-0.594,-0.435,0.477,,,,,,
131929-60-7,-0.199,0.136,0.335,0.494,0.882,,,,,,
13194-48-4,-2.357,-1.824,-1.507,-1.254,-1.690,,,,,,
1319-77-3,0.665,0.999,1.198,1.357,1.503,,,,,,
131983-72-7,0.308,0.671,0.886,1.059,1.098,,,,,,
132-64-9,-0.458,-0.123,0.076,0.235,0.477,,,,,,
132-65-0,-0.460,-0.125,0.074,0.233,0.356,,,,,,
1330-20-7,1.422,1.697,1.860,1.990,1.891,,,,,,
133-06-2,0.322,0.805,1.092,1.321,1.020,,,,,,
133-07-3,0.663,0.926,1.083,1.208,1.175,,,,,,
1330-78-5,-0.036,0.520,0.851,1.116,0.429,,,,,,
133-90-4,0.920,1.254,1.453,1.612,0.662,,,,,,
134098-61-6,-0.557,-0.261,-0.085,0.056,-0.149,,,,,,
134605-64-4,-0.816,-0.182,0.195,0.496,-0.046,,,,,,
13463-41-7,-1.521,-0.920,-0.563,-0.277,-0.121,,,,,,
135158-54-2,0.838,1.151,1.337,1.486,1.331,,,,,,
135410-20-7,0.562,0.774,0.900,1.000,0.804,,,,,,
13593-03-8,-1.956,-1.621,-1.422,-1.263,-0.903,,,,,,
135-98-8,0.940,1.274,1.473,1.632,1.906,,,,,,
13674-84-5,0.762,1.097,1.296,1.455,2.165,,,,,,
13674-87-8,-0.160,0.175,0.374,0.533,0.391,,,,,,
13684-56-5,-0.091,0.209,0.388,0.530,0.466,,,,,,
13684-63-4,0.530,0.858,1.053,1.209,1.301,,,,,,
137-26-8,-0.206,0.070,0.234,0.365,0.536,,,,,,
137-30-4,-0.272,0.123,0.358,0.546,0.602,,,,,,
138261-41-3,-0.534,-0.013,0.298,0.546,0.796,,,,,,
139-40-2,0.075,0.451,0.675,0.854,0.341,,,,,,
1405-41-0,0.493,0.828,1.027,1.186,1.398,,,,,,
140-57-8,-0.252,0.082,0.281,0.440,0.563,,,,,,
140-88-5,0.308,0.571,0.727,0.852,0.307,,,,,,
140923-17-7,0.111,0.445,0.644,0.803,0.787,,,,,,
141112-29-0,-0.605,-0.103,0.195,0.433,0.341,,,,,,
141517-21-7,0.336,0.644,0.827,0.973,0.532,,,,,,
141-66-2,-2.575,-2.134,-1.871,-1.661,-1.548,,,,,,
141776-32-1,1.102,1.457,1.668,1.836,1.421,,,,,,
141-78-6,2.141,2.324,2.433,2.520,2.668,,,,,,
142-28-9,1.113,1.348,1.487,1.599,1.739,,,,,,
142459-58-3,-0.925,-0.395,-0.080,0.171,-0.382,,,,,,
142-82-5,1.036,1.371,1.570,1.729,0.598,,,,,,
143-33-9,0.114,0.448,0.647,0.806,0.143,,,,,,
143390-89-0,0.898,1.232,1.431,1.590,1.509,,,,,,
143-50-0,-1.191,-0.766,-0.513,-0.310,-1.230,,,,,,
144550-36-7,0.328,0.677,0.884,1.050,1.346,,,,,,
1445-75-6,1.300,1.634,1.833,1.992,1.947,,,,,,
14484-64-1,0.048,0.383,0.582,0.741,0.084,,,,,,
145701-23-1,0.239,0.464,0.599,0.706,1.048,,,,,,
145-73-3,-0.800,-0.465,-0.266,-0.107,-0.136,,,,,,
14797-55-8,0.613,0.948,1.147,1.306,0.681,,,,,,
14797-65-0,-1.110,-0.775,-0.576,-0.417,0.477,,,,,,
14797-73-0,-2.802,-2.467,-2.268,-2.109,-1.590,,,,,,
148-18-5,0.724,1.059,1.258,1.417,1.295,,,,,,
148477-71-8,-0.079,0.516,0.871,1.154,0.288,,,,,,
148-79-8,0.494,0.751,0.903,1.025,0.982,,,,,,
149-30-4,0.635,1.000,1.217,1.390,0.734,,,,,,
149877-41-8,-0.171,0.018,0.130,0.220,0.415,,,,,,
149979-41-9,0.264,0.622,0.834,1.004,0.739,,,,,,
150114-71-9,0.730,1.064,1.263,1.422,1.681,,,,,,
150-50-5,-1.907,-1.573,-1.374,-1.215,-1.018,,,,,,
151-50-8,-0.069,0.258,0.453,0.608,0.143,,,,,,
15165-67-0,-0.077,0.257,0.456,0.615,0.421,,,,,,
152-16-9,-2.038,-1.704,-1.505,-1.346,-1.222,,,,,,
15299-99-7,0.552,0.842,1.014,1.152,1.135,,,,,,
153233-91-1,0.244,0.587,0.791,0.955,1.033,,,,,,
153719-23-4,-0.021,0.407,0.662,0.866,0.120,,,,,,
15541-45-4,-0.910,-0.575,-0.376,-0.217,0.082,,,,,,
155569-91-8,-0.606,-0.466,-0.383,-0.316,-1.328,,,,,,
156052-68-5,1.807,2.023,2.151,2.253,2.079,,,,,,
1563-66-2,-1.767,-1.276,-0.985,-0.752,-0.320,,,,,,
156-59-2,-0.187,0.147,0.346,0.506,0.572,,,,,,
156-60-5,1.248,1.721,2.002,2.227,1.838,,,,,,
1569-02-4,1.793,2.128,2.327,2.486,2.697,,,,,,
158062-67-0,0.271,0.415,0.501,0.569,0.491,,,,,,
1582-09-8,-0.266,0.200,0.477,0.698,0.523,,,,,,
1596-84-5,-0.298,0.435,0.871,1.220,1.128,,,,,,
15972-60-8,-0.501,-0.082,0.167,0.367,0.194,,,,,,
16065-83-1,1.904,2.239,2.438,2.597,3.119,,,,,,
1610-18-0,0.316,0.633,0.821,0.972,1.107,,,,,,
161050-58-4,0.925,1.338,1.583,1.780,0.961,,,,,,
161326-34-7,-0.098,0.429,0.742,0.993,0.492,,,,,,
163515-14-8,-0.335,0.000,0.199,0.358,0.660,,,,,,
1646-88-4,-1.271,-0.737,-0.420,-0.166,-0.649,,,,,,
16484-77-8,-0.552,-0.217,-0.018,0.141,0.477,,,,,,
165252-70-0,0.093,0.699,1.059,1.347,1.474,,,,,,
16672-87-0,-0.128,0.502,0.876,1.175,0.065,,,,,,
16752-77-5,-0.361,-0.046,0.141,0.291,0.854,,,,,,
1689-84-5,-0.193,0.057,0.206,0.324,0.569,,,,,,
1689-99-2,-0.176,0.159,0.358,0.517,0.651,,,,,,
1698-60-8,0.854,1.150,1.327,1.467,1.120,,,,,,
1702-17-6,1.012,1.396,1.624,1.806,1.217,,,,,,
173584-44-6,-0.611,-0.349,-0.193,-0.069,0.056,,,,,,
1746-01-6,-6.846,-6.012,-5.515,-5.119,-7.112,,,,,,
175013-18-0,0.069,0.279,0.403,0.503,0.501,,,,,,
177406-68-7,0.015,0.350,0.549,0.708,0.977,,,,,,
17804-35-2,0.618,0.950,1.147,1.305,1.029,,,,,,
178928-70-6,-0.450,-0.115,0.084,0.243,0.082,,,,,,
179101-81-6,-0.083,0.327,0.572,0.767,0.396,,,,,,
181274-15-7,1.537,1.852,2.040,2.190,1.914,,,,,,
181274-17-9,1.477,1.749,1.910,2.039,1.865,,,,,,
1832-54-8,1.494,1.829,2.028,2.187,2.398,,,,,,
18540-29-9,-1.006,-0.671,-0.472,-0.313,0.350,,,,,,
1861-32-1,-0.413,0.274,0.683,1.009,-0.008,,,,,,
1861-40-1,0.276,0.661,0.891,1.074,1.052,,,,,,
187166-40-1,-0.163,0.172,0.371,0.530,0.882,,,,,,
188425-85-6,1.123,1.268,1.354,1.423,1.457,,,,,,
188489-07-8,0.926,1.320,1.555,1.743,1.477,,,,,,
1897-45-6,-0.518,-0.008,0.296,0.539,0.458,,,,,,
19044-88-3,0.434,0.822,1.052,1.236,1.027,,,,,,
1910-42-5,-0.347,-0.153,-0.037,0.055,0.095,,,,,,
1912-24-9,-0.409,0.143,0.472,0.734,0.408,,,,,,
1918-00-9,0.483,0.818,1.017,1.176,1.043,,,,,,
1918-02-1,0.326,0.660,0.860,1.019,1.279,,,,,,
1918-16-7,0.560,0.790,0.926,1.035,0.902,,,,,,
191-90-6,0.145,0.479,0.679,0.838,0.222,,,,,,
1929-77-7,-1.039,-0.705,-0.506,-0.347,-0.136,,,,,,
1929-82-4,0.517,0.732,0.861,0.963,0.846,,,,,,
19406-51-0,-2.102,-1.767,-1.568,-1.409,-0.301,,,,,,
19408-46-9,0.102,0.436,0.635,0.795,1.094,,,,,,
19666-30-9,-0.696,-0.215,0.071,0.300,-0.437,,,,,,
1982-49-6,1.137,1.471,1.670,1.829,2.128,,,,,,
2008-41-5,0.678,0.826,0.914,0.984,1.009,,,,,,
2008-58-4,0.006,0.340,0.540,0.699,0.963,,,,,,
206-44-0,1.671,1.911,2.054,2.168,1.959,,,,,,
208465-21-8,1.926,2.158,2.296,2.407,2.588,,,,,,
20859-73-8,-2.156,-1.821,-1.622,-1.463,-1.467,,,,,,
2104-64-5,-2.951,-2.617,-2.418,-2.259,-1.960,,,,,,
2104-96-3,-0.252,0.082,0.281,0.440,0.563,,,,,,
210631-68-8,-1.464,-0.696,-0.239,0.126,-0.446,,,,,,
21087-64-9,-0.542,-0.109,0.148,0.353,0.740,,,,,,
210880-92-5,0.318,0.636,0.825,0.976,0.755,,,,,,
213464-77-8,-0.302,0.033,0.232,0.391,0.651,,,,,,
21564-17-0,0.245,0.580,0.779,0.938,0.969,,,,,,
2163-68-0,-0.274,0.175,0.441,0.655,-0.048,,,,,,
2164-07-0,-1.127,-0.793,-0.594,-0.435,-0.136,,,,,,
2164-17-2,-0.802,-0.211,0.141,0.422,0.371,,,,,,
21725-46-2,-3.412,-2.466,-1.904,-1.454,0.106,,,,,,
219714-96-2,0.949,1.189,1.333,1.447,1.565,,,,,,
220899-03-6,0.414,0.749,0.948,1.107,1.349,,,,,,
2212-67-1,-1.301,-0.593,-0.172,0.165,-0.960,,,,,,
22224-92-6,-2.284,-1.789,-1.494,-1.259,-1.447,,,,,,
22781-23-3,-1.255,-0.672,-0.325,-0.048,-1.039,,,,,,
22967-92-6,-1.781,-1.446,-1.247,-1.088,-2.284,,,,,,
23031-36-9,0.396,0.722,0.917,1.072,1.097,,,,,,
2303-17-5,-0.050,0.101,0.191,0.263,0.438,,,,,,
2310-17-0,-1.446,-0.989,-0.717,-0.500,-0.776,,,,,,
2312-35-8,-0.314,0.250,0.585,0.853,0.694,,,,,,
23135-22-0,-0.740,-0.424,-0.237,-0.086,-0.174,,,,,,
23422-53-9,-1.186,-0.751,-0.492,-0.285,-1.323,,,,,,
23564-05-8,0.398,0.755,0.967,1.137,0.975,,,,,,
2385-85-5,-1.838,-1.327,-1.023,-0.780,-1.100,,,,,,
239110-15-7,0.492,0.700,0.824,0.922,1.357,,,,,,
23950-58-5,0.287,0.606,0.796,0.948,0.994,,,,,,
2425-06-1,0.373,0.647,0.810,0.941,0.310,,,,,,
24307-26-4,1.492,1.678,1.789,1.877,1.834,,,,,,
2439-10-3,0.063,0.398,0.597,0.756,0.583,,,,,,
243973-20-8,0.547,0.881,1.080,1.239,1.468,,,,,,
24602-86-6,0.989,1.323,1.522,1.682,1.893,,,,,,
25057-89-0,-1.256,-0.539,-0.112,0.229,0.932,,,,,,
25155-30-0,0.809,1.144,1.343,1.502,1.676,,,,,,
25167-70-8,0.608,0.942,1.141,1.300,1.482,,,,,,
25311-71-1,-0.826,-0.491,-0.292,-0.133,-1.233,,,,,,
25321-14-6,-1.410,-0.805,-0.445,-0.157,-0.752,,,,,,
25606-41-1,0.505,0.879,1.102,1.280,0.866,,,,,,
2593-15-9,-0.018,0.316,0.515,0.674,0.663,,,,,,
26002-80-2,0.956,1.275,1.465,1.617,1.337,,,,,,
26225-79-6,1.754,1.993,2.136,2.249,1.968,,,,,,
26399-36-0,-0.474,-0.140,0.060,0.219,0.430,,,,,,
2650-18-2,2.192,2.527,2.726,2.885,3.097,,,,,,
26628-22-8,0.033,0.185,0.276,0.349,0.505,,,,,,
2675-77-6,0.665,1.000,1.199,1.358,1.460,,,,,,
2691-41-0,0.694,1.028,1.227,1.386,1.739,,,,,,
27176-87-0,0.781,1.116,1.315,1.474,1.693,,,,,,
27314-13-2,0.444,0.564,0.635,0.692,0.804,,,,,,
28249-77-6,-1.039,-0.705,-0.506,-0.347,-0.136,,,,,,
283594-90-1,-0.712,-0.378,-0.178,-0.019,0.295,,,,,,
28434-00-6,0.822,1.098,1.262,1.393,1.451,,,,,,
288-88-0,-0.235,0.100,0.299,0.458,0.563,,,,,,
290332-10-4,0.868,1.203,1.402,1.561,1.773,,,,,,
2921-88-2,-1.003,-0.514,-0.223,0.009,-1.353,,,,,,
29232-93-7,-1.012,-0.535,-0.252,-0.025,-0.021,,,,,,
298-00-0,-1.615,-1.188,-0.934,-0.731,-1.738,,,,,,
298-02-2,-1.782,-1.528,-1.377,-1.256,-1.304,,,,,,
298-04-4,-2.264,-1.873,-1.641,-1.455,-1.806,,,,,,
299-84-3,-0.252,0.082,0.281,0.440,0.651,,,,,,
300-76-5,-1.456,-1.121,-0.922,-0.763,-0.835,,,,,,
302-17-0,-0.399,-0.064,0.135,0.294,1.205,,,,,,
30560-19-1,-1.761,-1.049,-0.625,-0.287,-1.375,,,,,,
309-00-2,-2.527,-1.915,-1.551,-1.260,-2.109,,,,,,
31218-83-4,-1.777,-1.268,-0.966,-0.724,-1.514,,,,,,
319-84-6,-0.731,-0.396,-0.197,-0.038,-0.145,,,,,,
32289-58-0,0.880,1.114,1.253,1.364,1.261,,,,,,
32534-81-9,-0.789,0.252,0.872,1.367,0.112,,,,,,
32536-52-0,-0.208,0.084,0.257,0.396,0.264,,,,,,
330-54-1,-1.001,-0.422,-0.077,0.198,-0.104,,,,,,
330-55-2,-0.106,0.282,0.513,0.697,-0.182,,,,,,
33089-61-1,-0.895,-0.469,-0.215,-0.013,-0.204,,,,,,
333-41-5,-2.502,-1.851,-1.464,-1.155,-1.382,,,,,,
3337-71-1,0.926,1.329,1.568,1.760,1.256,,,,,,
335104-84-2,-2.437,-2.103,-1.904,-1.745,-1.446,,,,,,
3380-34-5,0.118,0.505,0.734,0.918,1.852,,,,,,
33820-53-0,0.159,0.493,0.692,0.852,1.040,,,,,,
34014-18-1,0.258,0.592,0.791,0.950,0.709,,,,,,
34256-82-1,-0.238,0.153,0.385,0.571,0.679,,,,,,
35367-38-5,-0.235,0.334,0.672,0.943,0.655,,,,,,
35554-44-0,0.203,0.382,0.488,0.573,0.407,,,,,,
35572-78-2,-2.102,-1.767,-1.568,-1.409,-0.301,,,,,,
361377-29-9,0.089,0.562,0.843,1.067,0.545,,,,,,
365400-11-9,-0.951,-0.617,-0.418,-0.259,-0.004,,,,,,
36734-19-7,0.250,0.594,0.798,0.961,0.868,,,,,,
3689-24-5,-1.252,-0.918,-0.719,-0.560,-0.437,,,,,,
37339-61-0,0.985,1.319,1.518,1.677,1.801,,,,,,
374726-62-2,0.258,0.593,0.792,0.951,1.097,,,,,,
375-73-5,1.404,1.686,1.854,1.987,1.379,,,,,,
3810-74-0,-0.340,-0.006,0.193,0.352,0.563,,,,,,
39148-24-8,1.729,2.064,2.263,2.422,2.840,,,,,,
39196-18-4,-2.109,-1.774,-1.575,-1.416,-1.292,,,,,,
39300-45-3,-0.449,-0.114,0.085,0.244,0.060,,,,,,
39515-41-8,0.276,0.492,0.620,0.723,0.825,,,,,,
40487-42-1,0.795,1.121,1.315,1.470,1.337,,,,,,
41198-08-7,-2.681,-1.841,-1.342,-0.943,-1.991,,,,,,
422556-08-9,1.003,1.338,1.537,1.696,1.875,,,,,,
42576-02-3,-0.142,0.192,0.391,0.550,-0.020,,,,,,
42874-03-3,-0.447,-0.005,0.258,0.468,-0.017,,,,,,
43121-43-3,0.196,0.581,0.810,0.993,0.336,,,,,,
43222-48-6,0.872,1.084,1.211,1.312,1.262,,,,,,
45187-15-3,0.325,0.660,0.859,1.018,1.379,,,,,,
460-00-4,-1.102,-0.767,-0.568,-0.409,-0.136,,,,,,
460-19-5,-0.227,0.108,0.307,0.466,0.143,,,,,,
463-56-9,-1.538,-1.203,-1.004,-0.845,-0.721,,,,,,
470-90-6,-1.000,-0.666,-0.466,-0.307,-0.768,,,,,,
479-45-8,-0.340,-0.006,0.194,0.353,0.650,,,,,,
50-00-0,0.788,0.942,1.034,1.107,1.164,,,,,,
50-29-3,-1.378,-0.548,-0.055,0.340,-1.261,,,,,,
50-32-8,-1.488,-1.153,-0.954,-0.795,-0.933,,,,,,
50471-44-8,0.014,0.430,0.678,0.876,0.482,,,,,,
505-29-3,0.615,0.949,1.148,1.308,1.584,,,,,,
506-61-6,0.534,0.869,1.068,1.227,1.027,,,,,,
506-64-9,0.707,1.041,1.240,1.399,1.698,,,,,,
506-68-3,0.604,0.939,1.138,1.297,1.596,,,,,,
506-77-4,0.364,0.698,0.897,1.057,1.356,,,,,,
50723-80-3,-0.002,0.333,0.532,0.691,0.903,,,,,,
510-15-6,0.306,0.640,0.840,0.999,0.879,,,,,,
51-03-6,0.874,1.078,1.200,1.296,1.544,,,,,,
51218-45-2,0.645,0.923,1.088,1.220,1.155,,,,,,
51235-04-2,0.667,0.868,0.988,1.084,0.981,,,,,,
512-56-1,0.283,0.477,0.593,0.686,0.824,,,,,,
51-28-5,-0.421,-0.086,0.113,0.272,0.477,,,,,,
51338-27-3,-1.434,-1.073,-0.858,-0.687,-0.686,,,,,,
51426-08-5,-0.294,0.041,0.240,0.399,0.611,,,,,,
51630-58-1,0.064,0.377,0.563,0.711,0.361,,,,,,
51707-55-2,0.851,0.951,1.011,1.059,0.992,,,,,,
5216-25-1,-1.729,-1.394,-1.195,-1.036,-1.236,,,,,,
52315-07-8,-0.460,0.004,0.280,0.501,0.787,,,,,,
5234-68-4,-0.142,0.157,0.334,0.476,0.646,,,,,,
52645-53-1,0.802,1.123,1.313,1.466,1.220,,,,,,
52-68-6,-0.367,0.120,0.410,0.641,-0.501,,,,,,
528-29-0,-1.429,-1.094,-0.895,-0.736,-0.534,,,,,,
52918-63-5,-0.867,-0.453,-0.206,-0.010,-0.048,,,,,,
53112-28-0,0.701,1.045,1.249,1.413,1.165,,,,,,
534-52-1,-0.383,-0.048,0.151,0.310,0.020,,,,,,
53780-34-0,-0.419,-0.084,0.115,0.274,0.486,,,,,,
53780-36-2,-0.419,-0.084,0.115,0.274,0.486,,,,,,
540-88-5,1.713,2.048,2.247,2.406,1.317,,,,,,
542-75-6,0.121,0.433,0.619,0.768,0.482,,,,,,
544-92-3,-0.296,0.038,0.237,0.396,0.563,,,,,,
54593-83-8,-1.789,-1.397,-1.163,-0.977,-0.912,,,,,,
55179-31-2,-0.669,-0.334,-0.135,0.024,0.810,,,,,,
55219-65-3,-0.007,0.355,0.570,0.741,0.484,,,,,,
55283-68-6,0.639,0.875,1.015,1.127,0.912,,,,,,
55285-14-8,-1.177,-0.842,-0.643,-0.484,-0.048,,,,,,
55290-64-7,-0.738,-0.404,-0.205,-0.046,0.228,,,,,,
55335-06-3,-0.177,0.153,0.349,0.506,0.739,,,,,,
55-38-9,-2.246,-1.670,-1.327,-1.053,-1.978,,,,,,
55512-33-9,-0.006,0.329,0.528,0.687,0.898,,,,,,
55-63-0,-0.951,-0.344,0.017,0.305,-1.268,,,,,,
556-88-7,2.281,2.361,2.409,2.447,2.481,,,,,,
557-21-1,0.346,0.681,0.880,1.039,1.338,,,,,,
5598-13-0,-1.519,-0.850,-0.453,-0.135,-0.548,,,,,,
56-23-5,-0.454,-0.032,0.220,0.420,0.455,,,,,,
563-12-2,-1.403,-1.163,-1.020,-0.906,-0.910,,,,,,
56-35-9,-1.717,-1.125,-0.773,-0.492,-1.579,,,,,,
56-38-2,-2.128,-1.649,-1.364,-1.136,-0.717,,,,,,
56425-91-3,-0.827,-0.492,-0.293,-0.134,0.367,,,,,,
56-72-4,-1.802,-1.337,-1.060,-0.839,-1.292,,,,,,
57-12-5,-0.453,-0.118,0.081,0.240,0.143,,,,,,
57-14-7,-1.472,-1.137,-0.938,-0.779,-0.960,,,,,,
57-24-9,-1.108,-0.774,-0.575,-0.416,-0.516,,,,,,
57-55-6,2.664,2.888,3.021,3.127,3.103,,,,,,
576-26-1,-1.139,-0.804,-0.605,-0.446,-0.225,,,,,,
57-74-9,-1.456,-0.760,-0.347,-0.016,-1.219,,,,,,
57837-19-1,0.676,0.898,1.030,1.136,1.106,,,,,,
57-92-1,-0.252,0.082,0.281,0.440,0.563,,,,,,
57960-19-7,0.046,0.296,0.445,0.564,0.306,,,,,,
57966-95-7,-0.359,0.052,0.297,0.492,-0.176,,,,,,
584-79-2,0.190,0.586,0.822,1.010,1.451,,,,,,
58-89-9,-0.763,-0.384,-0.159,0.021,-0.419,,,,,,
58-90-2,0.403,0.737,0.936,1.095,1.350,,,,,,
5902-51-2,-0.050,0.285,0.484,0.643,0.407,,,,,,
591-27-5,1.062,1.396,1.596,1.755,2.245,,,,,,
591-78-6,0.334,0.668,0.867,1.026,0.802,,,,,,
592-01-8,-0.261,0.073,0.272,0.431,0.143,,,,,,
59536-65-1,-2.601,-2.266,-2.067,-1.908,-1.680,,,,,,
59669-26-0,0.118,0.472,0.682,0.850,0.471,,,,,,
59756-60-4,0.141,0.476,0.675,0.834,0.883,,,,,,
598-77-6,0.164,0.499,0.698,0.857,1.217,,,,,,
60207-90-1,-0.126,0.202,0.397,0.553,0.778,,,,,,
60238-56-4,-2.048,-1.714,-1.515,-1.355,-1.145,,,,,,
60-29-7,2.286,2.349,2.387,2.417,2.563,,,,,,
60-34-4,-1.102,-0.767,-0.568,-0.409,-0.437,,,,,,
60-51-5,-1.138,-0.626,-0.321,-0.077,-0.996,,,,,,
60-57-1,-2.708,-2.058,-1.672,-1.363,-2.378,,,,,,
606-20-2,0.153,0.334,0.442,0.529,0.629,,,,,,
608-93-5,-0.527,-0.192,0.007,0.166,0.365,,,,,,
615-45-2,-0.704,-0.369,-0.170,-0.011,0.262,,,,,,
615-50-9,0.051,0.191,0.275,0.342,0.183,,,,,,
615-54-3,-0.323,0.012,0.211,0.370,0.563,,,,,,
616-23-9,0.049,0.383,0.582,0.741,1.040,,,,,,
617-84-5,-0.960,-0.625,-0.426,-0.267,-0.006,,,,,,
62-38-4,-3.027,-2.692,-2.493,-2.334,-2.035,,,,,,
62476-59-9,-0.881,-0.270,0.094,0.384,-0.022,,,,,,
62-53-3,-0.215,0.118,0.316,0.474,0.320,,,,,,
62-73-7,-1.240,-0.701,-0.380,-0.124,-0.991,,,,,,
62-74-8,-2.383,-2.049,-1.850,-1.691,-1.349,,,,,,
630-20-6,1.203,1.279,1.324,1.361,1.514,,,,,,
63-25-2,0.347,0.709,0.924,1.096,1.023,,,,,,
634-93-5,-1.549,-1.215,-1.016,-0.857,-0.149,,,,,,
6369-59-1,-0.704,-0.369,-0.170,-0.011,0.183,,,,,,
64-18-6,1.325,1.660,1.859,2.018,2.395,,,,,,
64359-81-5,0.235,0.570,0.769,0.928,1.224,,,,,,
64742-95-6,-0.299,0.383,0.788,1.112,2.239,,,,,,
64902-72-3,0.653,1.084,1.341,1.546,0.563,,,,,,
65195-55-3,-1.305,-0.970,-0.771,-0.612,-1.098,,,,,,
6-60-7,0.864,1.200,1.400,1.560,1.155,,,,,,
66215-27-8,-0.032,0.388,0.638,0.837,0.874,,,,,,
66230-04-4,-0.246,-0.003,0.142,0.257,0.283,,,,,,
66330-88-9,-1.127,-0.793,-0.594,-0.435,-0.136,,,,,,
66332-96-5,1.036,1.335,1.513,1.655,1.493,,,,,,
66841-25-6,-0.599,-0.324,-0.160,-0.029,-0.261,,,,,,
67485-29-4,-0.349,-0.140,-0.015,0.084,-0.057,,,,,,
67564-91-4,-0.879,-0.410,-0.132,0.091,0.543,,,,,,
67-63-0,0.971,1.306,1.505,1.664,1.833,,,,,,
67-64-1,1.941,2.197,2.349,2.471,2.995,,,,,,
67-66-3,0.195,0.429,0.568,0.680,0.933,,,,,,
67-72-1,-0.830,-0.495,-0.296,-0.137,-0.035,,,,,,
67747-09-5,-0.181,0.114,0.290,0.430,0.323,,,,,,
680-31-9,-0.932,-0.598,-0.399,-0.240,0.120,,,,,,
68085-85-8,-0.789,-0.399,-0.167,0.019,-0.492,,,,,,
68-12-2,1.373,1.492,1.563,1.620,1.799,,,,,,
68157-60-8,0.373,0.736,0.952,1.125,0.797,,,,,,
68333-79-9,1.584,1.918,2.117,2.276,2.729,,,,,,
68359-37-5,0.093,0.352,0.506,0.629,0.493,,,,,,
68424-85-1,0.453,0.788,0.987,1.146,1.508,,,,,,
68584-22-5,0.993,1.328,1.527,1.686,1.676,,,,,,
68694-11-1,-0.095,0.294,0.525,0.710,0.107,,,,,,
69327-76-0,-0.449,0.019,0.297,0.520,0.040,,,,,,
69409-94-5,-0.775,-0.413,-0.197,-0.025,-0.148,,,,,,
69806-40-2,-3.252,-2.918,-2.719,-2.560,-2.437,,,,,,
69806-50-4,-0.927,-0.438,-0.148,0.084,-0.266,,,,,,
70-30-4,-1.109,-0.774,-0.575,-0.416,-0.116,,,,,,
70630-17-0,0.184,0.518,0.718,0.877,1.179,,,,,,
709-98-8,0.193,0.335,0.420,0.488,0.456,,,,,,
71-36-3,1.113,1.440,1.635,1.791,2.137,,,,,,
71-55-6,2.110,2.403,2.577,2.717,3.120,,,,,,
7173-51-5,0.584,0.821,0.961,1.073,1.398,,,,,,
72-20-8,-1.600,-1.267,-1.068,-0.910,-1.116,,,,,,
72-54-8,-0.600,-0.265,-0.066,0.093,-1.960,,,,,,
72-55-9,0.516,0.856,1.058,1.220,-0.613,,,,,,
7287-19-6,0.681,0.899,1.028,1.132,1.060,,,,,,
731-27-1,0.310,0.644,0.844,1.003,0.850,,,,,,
732-11-6,-0.875,-0.569,-0.388,-0.242,0.201,,,,,,
74051-80-2,0.600,0.859,1.013,1.137,1.139,,,,,,
74115-24-5,-0.366,0.143,0.445,0.687,0.473,,,,,,
741-58-2,-0.638,-0.169,0.110,0.332,0.009,,,,,,
74222-97-2,0.933,1.267,1.466,1.625,1.749,,,,,,
74223-64-6,0.897,1.158,1.313,1.437,1.306,,,,,,
74-31-7,-1.625,-1.290,-1.091,-0.932,-0.960,,,,,,
7439-96-5,-0.617,-0.283,-0.084,0.075,-0.289,,,,,,
7439-98-7,-0.630,-0.296,-0.097,0.062,-0.854,,,,,,
7440-02-0,-0.340,-0.006,0.193,0.352,0.563,,,,,,
7440-22-4,-1.339,-0.535,-0.056,0.326,-1.766,,,,,,
7440-24-6,1.385,1.720,1.919,2.078,2.231,,,,,,
7440-36-0,-1.931,-1.596,-1.397,-1.238,-1.129,,,,,,
7440-38-2,-3.717,-3.382,-3.183,-3.024,-2.444,,,,,,
7440-39-3,0.676,1.010,1.209,1.369,1.825,,,,,,
7440-41-7,-0.861,-0.526,-0.327,-0.168,0.211,,,,,,
7440-43-9,-2.401,-1.828,-1.488,-1.215,-1.673,,,,,,
7440-66-6,-0.375,-0.040,0.159,0.318,-0.041,,,,,,
74612-12-7,-0.704,-0.369,-0.170,-0.011,0.262,,,,,,
74-83-9,-0.981,-0.632,-0.425,-0.259,0.187,,,,,,
7487-94-7,-1.125,-0.753,-0.532,-0.355,-0.936,,,,,,
74-90-8,-0.155,0.179,0.378,0.537,0.143,,,,,,
75-01-4,-1.686,-1.119,-0.782,-0.513,-0.954,,,,,,
75-09-2,-0.018,0.487,0.787,1.026,-0.618,,,,,,
75-25-2,0.168,0.522,0.733,0.901,1.293,,,,,,
75-27-4,0.014,0.387,0.609,0.786,0.739,,,,,,
75-34-3,1.806,2.140,2.339,2.498,2.718,,,,,,
75-35-4,0.304,0.531,0.666,0.774,0.642,,,,,,
7553-56-2,-2.340,-2.005,-1.806,-1.647,-1.347,,,,,,
75-56-9,0.086,0.421,0.620,0.779,0.249,,,,,,
75-60-5,-1.349,-0.615,-0.177,0.172,0.281,,,,,,
756-79-6,1.474,1.821,2.028,2.193,1.106,,,,,,
75-69-4,0.675,1.010,1.209,1.368,2.011,,,,,,
75-71-8,0.099,0.434,0.633,0.792,1.040,,,,,,
75-86-5,-0.301,0.034,0.233,0.392,0.505,,,,,,
75-99-0,-0.060,0.275,0.474,0.633,0.791,,,,,,
759-94-4,0.002,0.392,0.624,0.809,0.501,,,,,,
76-01-7,-0.748,-0.413,-0.214,-0.055,0.079,,,,,,
76-03-9,0.719,1.035,1.223,1.373,1.281,,,,,,
76-44-8,-1.479,-1.040,-0.779,-0.571,-0.960,,,,,,
76578-14-8,-0.546,-0.294,-0.144,-0.025,-0.049,,,,,,
7664-38-2,1.673,2.008,2.207,2.366,2.729,,,,,,
76674-21-0,-0.056,0.278,0.477,0.636,1.075,,,,,,
76703-62-3,-1.144,-0.809,-0.610,-0.451,-0.514,,,,,,
76738-62-0,0.433,0.675,0.818,0.933,0.961,,,,,,
77182-82-2,0.128,0.562,0.820,1.026,0.098,,,,,,
7722-76-1,1.410,1.744,1.943,2.102,2.729,,,,,,
7723-14-0,-3.771,-2.370,-1.537,-0.871,-2.022,,,,,,
77-47-4,0.609,0.817,0.940,1.039,0.881,,,,,,
77501-63-4,-0.859,-0.453,-0.211,-0.018,-0.011,,,,,,
7773-06-0,1.292,1.626,1.825,1.984,2.195,,,,,,
77-73-6,0.060,0.395,0.594,0.753,1.237,,,,,,
7782-41-4,-1.765,-1.431,-1.232,-1.073,-0.657,,,,,,
7782-49-2,-2.043,-1.708,-1.509,-1.350,-1.171,,,,,,
7782-50-5,0.405,0.654,0.802,0.921,1.111,,,,,,
7783-00-8,-2.043,-1.708,-1.509,-1.350,-1.171,,,,,,
7783-28-0,1.869,2.203,2.402,2.562,2.729,,,,,,
7786-34-7,-1.959,-1.624,-1.425,-1.266,-1.650,,,,,,
7790-98-9,-1.283,-0.948,-0.749,-0.590,-1.590,,,,,,
78-00-2,-3.397,-3.063,-2.864,-2.705,-3.358,,,,,,
7803-51-2,-2.303,-1.969,-1.770,-1.611,-1.721,,,,,,
78-11-5,0.412,1.180,1.636,2.001,0.692,,,,,,
78-42-2,1.123,1.548,1.800,2.002,2.039,,,,,,
78-48-8,-1.478,-1.064,-0.818,-0.621,-0.936,,,,,,
78587-05-0,0.251,0.594,0.799,0.962,0.796,,,,,,
78-59-1,1.302,1.569,1.728,1.854,1.891,,,,,,
78-83-1,2.072,2.246,2.349,2.432,2.540,,,,,,
78-87-5,0.799,1.077,1.242,1.374,0.915,,,,,,
79-00-5,-0.261,0.192,0.462,0.677,0.378,,,,,,
79-01-6,-0.585,-0.251,-0.051,0.108,-1.521,,,,,,
79-06-1,-1.407,-1.007,-0.769,-0.580,-0.985,,,,,,
79-11-8,0.460,0.769,0.954,1.101,1.040,,,,,,
791-28-6,0.088,0.493,0.733,0.926,1.532,,,,,,
79-20-9,1.990,2.325,2.524,2.683,2.685,,,,,,
79241-46-6,-1.099,-0.545,-0.215,0.048,-0.266,,,,,,
79277-27-3,-0.741,-0.406,-0.207,-0.048,0.114,,,,,,
79-34-5,0.597,0.860,1.016,1.141,1.040,,,,,,
79-43-6,0.158,0.509,0.717,0.884,0.916,,,,,,
79-57-2,-1.808,-1.473,-1.274,-1.115,-0.903,,,,,,
79622-59-6,-0.733,-0.194,0.127,0.383,-0.040,,,,,,
79983-71-4,-0.201,0.067,0.226,0.353,0.699,,,,,,
8001-35-2,0.237,0.571,0.770,0.930,-1.933,,,,,,
8003-34-7,-0.281,0.053,0.252,0.411,0.681,,,,,,
80-05-7,0.085,0.534,0.801,1.015,1.086,,,,,,
80-07-9,-0.439,-0.197,-0.053,0.061,0.001,,,,,,
8012-95-1,2.159,2.493,2.692,2.851,3.593,,,,,,
8017-16-1,1.674,1.914,2.057,2.171,2.729,,,,,,
8018-01-7,0.512,0.999,1.289,1.520,0.581,,,,,,
80-62-6,1.128,1.483,1.695,1.864,2.086,,,,,,
8065-48-3,-2.826,-2.492,-2.293,-2.134,-1.923,,,,,,
80844-07-1,-0.169,0.324,0.617,0.851,0.433,,,,,,
81334-34-1,2.248,2.389,2.472,2.539,2.796,,,,,,
81335-37-7,1.393,1.593,1.712,1.807,1.781,,,,,,
81335-46-8,0.891,1.226,1.425,1.584,1.752,,,,,,
81335-77-5,1.599,1.844,1.989,2.106,1.708,,,,,,
81406-37-3,1.049,1.383,1.582,1.741,2.040,,,,,,
81591-81-3,0.891,1.226,1.425,1.584,1.884,,,,,,
81777-89-1,1.022,1.401,1.627,1.807,1.879,,,,,,
81-81-2,-2.966,-2.631,-2.432,-2.273,-1.538,,,,,,
82097-50-5,-0.688,-0.180,0.122,0.364,0.042,,,,,,
823-40-5,1.075,1.198,1.271,1.329,1.350,,,,,,
82558-50-7,0.177,0.804,1.178,1.476,0.563,,,,,,
82657-04-3,-0.049,0.150,0.268,0.362,0.618,,,,,,
82-68-8,-0.380,0.255,0.633,0.935,0.171,,,,,,
83055-99-6,1.287,1.487,1.606,1.701,1.667,,,,,,
83-32-9,1.174,1.508,1.707,1.867,2.206,,,,,,
834-12-8,0.404,0.687,0.856,0.990,1.115,,,,,,
83601-83-6,-0.419,-0.084,0.115,0.274,0.486,,,,,,
83-79-4,-1.146,-0.458,-0.048,0.279,-0.515,,,,,,
84087-01-4,0.846,1.217,1.438,1.615,1.449,,,,,,
84-65-1,-0.162,0.214,0.439,0.618,0.243,,,,,,
84-66-2,-0.387,0.476,0.989,1.399,2.739,,,,,,
84-72-0,1.447,1.781,1.980,2.139,2.120,,,,,,
84-74-2,1.592,1.800,1.923,2.022,1.660,,,,,,
85-00-7,-1.183,-0.792,-0.559,-0.373,-0.379,,,,,,
85-44-9,2.183,2.348,2.446,2.525,2.680,,,,,,
85509-19-9,-0.605,-0.327,-0.162,-0.030,-0.213,,,,,,
85-68-7,1.696,1.893,2.010,2.104,1.743,,,,,,
85-70-1,2.049,2.383,2.582,2.741,2.952,,,,,,
86209-51-0,0.906,1.195,1.366,1.504,1.813,,,,,,
86-50-0,-0.989,-0.681,-0.498,-0.352,-0.321,,,,,,
86-73-7,1.055,1.390,1.589,1.748,1.884,,,,,,
87392-12-9,0.810,1.021,1.147,1.247,1.297,,,,,,
87546-18-7,0.934,1.324,1.555,1.741,2.310,,,,,,
87-61-6,-0.130,0.205,0.404,0.563,0.839,,,,,,
87-68-3,-2.020,-1.685,-1.486,-1.327,-0.975,,,,,,
87820-88-0,-0.371,0.194,0.530,0.799,0.097,,,,,,
87-82-1,-0.650,-0.316,-0.117,0.042,0.165,,,,,,
87-84-3,0.363,0.697,0.896,1.055,1.139,,,,,,
87-86-5,-0.143,0.037,0.144,0.229,-0.032,,,,,,
886-50-0,-1.951,-1.617,-1.418,-1.259,-1.136,,,,,,
88671-89-0,-0.033,0.353,0.583,0.767,0.437,,,,,,
88-72-2,-0.426,0.086,0.391,0.635,0.037,,,,,,
88-73-3,-1.120,-0.651,-0.373,-0.150,-0.036,,,,,,
88-74-4,0.323,0.658,0.857,1.016,1.890,,,,,,
9004-70-0,3.241,3.576,3.775,3.934,4.327,,,,,,
9006-42-2,-0.836,-0.331,-0.031,0.208,-0.446,,,,,,
90-12-0,0.318,0.653,0.852,1.011,1.080,,,,,,
90-98-2,0.883,1.217,1.417,1.576,1.887,,,,,,
90982-32-4,0.368,0.703,0.902,1.061,1.188,,,,,,
91-20-3,1.061,1.282,1.413,1.518,1.790,,,,,,
91465-08-6,-0.776,-0.372,-0.131,0.061,-0.514,,,,,,
91-53-2,0.247,0.471,0.605,0.712,0.699,,,,,,
91-57-6,-0.251,0.084,0.283,0.442,0.599,,,,,,
91-58-7,1.186,1.521,1.720,1.879,2.302,,,,,,
92-52-4,1.093,1.427,1.626,1.786,0.865,,,,,,
92-84-2,-0.534,-0.199,0.000,0.159,0.511,,,,,,
92-87-5,-1.185,-0.850,-0.651,-0.492,-0.083,,,,,,
93-65-2,-0.631,-0.296,-0.097,0.062,0.341,,,,,,
93-72-1,-0.721,-0.386,-0.187,-0.028,0.361,,,,,,
93-76-5,-0.322,0.121,0.385,0.596,0.191,,,,,,
94125-34-5,-0.047,0.333,0.559,0.739,1.078,,,,,,
94361-06-5,-0.363,-0.029,0.170,0.329,0.398,,,,,,
944-22-9,-1.354,-1.019,-0.820,-0.661,-0.330,,,,,,
94-74-6,-0.650,-0.252,-0.016,0.173,-0.065,,,,,,
94-75-7,-0.051,0.308,0.522,0.693,0.236,,,,,,
94-81-5,-0.121,0.214,0.413,0.572,1.152,,,,,,
94-82-6,0.280,0.549,0.709,0.837,0.724,,,,,,
950-10-7,-2.041,-1.706,-1.507,-1.348,-1.181,,,,,,
950-37-8,-1.082,-0.747,-0.548,-0.389,-0.543,,,,,,
95465-99-9,-2.773,-2.438,-2.239,-2.080,-2.690,,,,,,
95-47-6,1.309,1.507,1.624,1.718,1.967,,,,,,
95-48-7,0.949,1.274,1.467,1.621,1.651,,,,,,
95-49-8,0.686,0.966,1.132,1.265,1.165,,,,,,
95-50-1,0.895,1.126,1.263,1.372,1.772,,,,,,
95-53-4,0.749,1.084,1.283,1.442,0.756,,,,,,
95-54-5,0.284,0.619,0.818,0.977,0.079,,,,,,
95-55-6,-0.059,0.275,0.474,0.633,1.120,,,,,,
95-65-8,-0.886,-0.551,-0.352,-0.193,0.116,,,,,,
95-68-1,-0.176,0.158,0.357,0.516,0.642,,,,,,
95-69-2,1.032,1.367,1.566,1.725,0.442,,,,,,
95-70-5,-0.629,-0.294,-0.095,0.064,0.689,,,,,,
95737-68-1,0.679,1.019,1.222,1.383,1.410,,,,,,
957-51-7,-0.178,0.157,0.356,0.515,0.875,,,,,,
95-94-3,-1.275,-0.692,-0.345,-0.068,-0.428,,,,,,
95-95-4,1.684,1.893,2.017,2.116,2.040,,,,,,
961-11-5,-0.157,0.400,0.732,0.996,0.760,,,,,,
96-12-8,-0.581,-0.141,0.121,0.330,-0.234,,,,,,
96182-53-5,-1.902,-1.446,-1.174,-0.957,-1.389,,,,,,
96-18-4,-1.247,-0.600,-0.215,0.092,-0.094,,,,,,
96-19-5,0.337,0.672,0.871,1.030,1.518,,,,,,
96-45-7,-0.734,-0.083,0.304,0.614,-1.039,,,,,,
96489-71-3,-0.596,-0.360,-0.220,-0.108,-0.380,,,,,,
96-91-3,-1.349,-1.015,-0.816,-0.656,0.255,,,,,,
97-63-2,0.345,0.679,0.879,1.038,0.739,,,,,,
98-01-1,0.542,0.783,0.927,1.041,0.461,,,,,,
98-06-6,0.940,1.274,1.473,1.632,1.906,,,,,,
98-56-6,0.599,0.744,0.831,0.900,0.809,,,,,,
98-66-8,1.534,1.868,2.067,2.226,2.588,,,,,,
98-82-8,1.184,1.519,1.718,1.877,2.082,,,,,,
98-86-2,1.376,1.702,1.896,2.051,2.579,,,,,,
98886-44-3,-2.194,-1.661,-1.343,-1.090,-1.349,,,,,,
98-95-3,-0.107,0.034,0.118,0.185,0.120,,,,,,
98967-40-9,2.084,2.226,2.310,2.378,2.486,,,,,,
99-08-1,-0.482,0.079,0.413,0.680,0.144,,,,,,
99129-21-2,0.013,0.365,0.575,0.742,0.310,,,,,,
993-13-5,1.211,1.545,1.745,1.904,1.339,,,,,,
99-35-4,-0.613,-0.279,-0.080,0.080,0.381,,,,,,
99-55-8,0.013,0.453,0.714,0.923,1.341,,,,,,
99-65-0,-1.320,-0.986,-0.787,-0.628,-0.534,,,,,,
999-81-5,0.048,0.382,0.581,0.740,1.097,,,,,,
99-99-0,-0.133,0.551,0.957,1.282,0.144,,,,,,
96-12-8,-0.534,-0.260,-0.097,0.033,-0.214,,,,,,
