"CAS","DTXSID.x","Name","pod.nam.95","pod.nam.50","expocast.total.med","expocast.total.95","nam.95","nam.50","css_human","tox_httk.95","tox_httk.50"
"100784-20-1","DTXSID9034650","Halosulfuron-methyl",-3.30529429,-2.313811531,1.36e-07,1.17e-05,0.000495114573722896,0.00485499144530586,141.7,3.4941042605709e-06,3.42624660924902e-05
"10265-92-6","DTXSID6024177","Methamidophos",-0.426235951,-0.049953438,4.83e-08,2.24e-06,0.374769335773288,0.891346496913732,8.225,0.0455646608842903,0.108370394761548
"103-23-1","DTXSID0020606","Bis(2-ethylhexyl)hexanedioate",0.293754705,0.801268786,0.00015344,0.008455387,1.96677511654646,6.32803373883242,1.278,1.53894766552931,4.95151309767795
"103-23-1","DTXSID0020606","Bis(2-ethylhexyl)hexanedioate",0.293754705,0.801268786,0.00015344,0.008455387,1.96677511654646,6.32803373883242,1.278,1.53894766552931,4.95151309767795
"103361-09-7","DTXSID7032555","Flumioxazin",-1.5042659,-0.758290187,1.3e-07,8.23e-06,0.0313136793416954,0.174465601865712,4.192,0.00746986625517542,0.0416187027351413
"104098-48-8","DTXSID5034270","Imazapic",0.013023401,0.404282369,9.11e-08,4.46e-06,1.03044164202025,2.53677745296527,6.218,0.165719144744332,0.407973215336969
"104206-82-8","DTXSID7032424","Mesotrione",-0.82614941,-0.46201151,1.01e-07,6.47e-06,0.149228093298521,0.345134592197306,4.48,0.0333098422541342,0.0770389714726129
"10453-86-8","DTXSID7022253","Resmethrin",-2.835997952,-1.878501953,1.35e-07,5.72e-06,0.00145882113961362,0.0132281175937996,17710,8.23727351560484e-08,7.46929282540912e-07
"10453-86-8","DTXSID7022253","Resmethrin",-2.835997952,-1.878501953,1.35e-07,5.72e-06,0.00145882113961362,0.0132281175937996,17710,8.23727351560484e-08,7.46929282540912e-07
"106-44-5","DTXSID7021869","p-Cresol",0.860339211,1.340333412,3.39e-06,0.000191338,7.25002010645488,21.894418342084,0.1851,39.1681259127762,118.284269811367
"106-47-8","DTXSID9020295","4-Chloroaniline",-1.013575731,-0.482999556,1.21e-06,9.74e-05,0.0969224244078141,0.32885196707689,18.05,0.00536966340209496,0.018218945544426
"107534-96-3","DTXSID9032113","Tebuconazole",-1.54899641,-0.769733173,1.74e-08,1.65e-06,0.0282490332626243,0.169928736014945,6.016,0.00469565047583515,0.0282461329812077
"108-95-2","DTXSID5021124","Phenol",-0.090071409,0.434355991,8.35e-05,0.006071637,0.81269687725063,2.71866684578645,0.7144,1.13759361317277,3.80552470014901
"110235-47-7","DTXSID4042121","Mepanipyrim",-1.742876892,-1.315209314,1.18e-08,1.08e-06,0.0180768647221159,0.0483939070498743,119.9,0.000150766177832493,0.000403618907838819
"110488-70-5","DTXSID7034545","Dimethomorph",-0.17222729,0.356881802,2.18e-08,2.01e-06,0.672624543026661,2.27447832233994,0.3566,1.88621576844268,6.37823421856405
"111988-49-9","DTXSID7034961","Thiacloprid",0.0368433,0.552045769,1.41e-08,9.79e-07,1.08853726180429,3.56488700727464,1.432,0.760151719137075,2.48944623413033
"112281-77-3","DTXSID8034956","Tetraconazole",-3.26425903,-2.285586785,1.18e-07,8.42e-06,0.000544177987264573,0.00518099549908229,96.69,5.62806895505815e-06,5.35835711974588e-05
"112410-23-8","DTXSID4034948","Tebufenozide",-1.122265505,-0.150617026,1.26e-07,7.22e-06,0.0754630744729311,0.706940681135307,2.606,0.0289574345636727,0.271274244487838
"113-48-4","DTXSID6032562","Octylbicycloheptenedicarboximide",-2.93905989,-1.904534977,2.56e-07,3.84e-05,0.00115064170241677,0.0124584789573185,386.6,2.97631066326118e-06,3.22257603655419e-05
"113136-77-9","DTXSID5032600","Cyclanilide",-0.077145343,0.283922836,8.99e-08,5.7e-06,0.83724903760019,1.92275007071714,2.388,0.350606799665071,0.80517172140584
"1134-23-2","DTXSID6032356","Cycloate",-2.277226671,-1.069072919,7.12e-08,4.73e-06,0.00528169512697411,0.0852956888653845,4.824,0.00109487875766462,0.0176815275425756
"114-26-1","DTXSID7021948","Propoxur",-0.58891335,-0.021890189,7.15e-08,4.51e-06,0.257683523330143,0.950845183680849,1.043,0.247059945666484,0.91164447141021
"114369-43-6","DTXSID8032548","Fenbuconazole",-1.669878929,-0.976238924,1.14e-07,8.98e-06,0.0213855818570476,0.105623626852434,2.336,0.00915478675387314,0.0452155936868295
"115-29-7","DTXSID1020560","Endosulfan",-2.647607586,-1.684828656,1.25e-07,8.07e-06,0.00225108769489659,0.0206619517956121,66.8,3.36989175882723e-05,0.000309310655622936
"115-96-8","DTXSID5021411","Tris(2-chloroethyl) phosphate",0.660268192,1.022315738,6.02e-06,0.000445788,4.57370544698002,10.5272694249887,4.232,1.08074325306711,2.48754003426008
"116-06-3","DTXSID0039223","Aldicarb",-2.102178171,-1.741151475,1.25e-08,1.01e-06,0.00790354315547824,0.0181488255023469,5.859,0.00134895769849432,0.00309759779865965
"116714-46-6","DTXSID5034773","Novaluron",-1.196018983,-0.10558447,1.65e-07,7.88e-06,0.0636767687201314,0.784179581619293,35.77,0.00178017245513367,0.0219228286726109
"117-84-0","DTXSID1021956","Di-n-octyl phthalate",-2.648639053,-1.687012245,0.000133028,0.007486788,0.00224574761433047,0.020558326306484,853.1,2.63245529753894e-06,2.40983780406565e-05
"118134-30-8","DTXSID1034212","Spiroxamine",-3.023324431,-1.849033774,9.96e-08,6.35e-06,0.000947710230839521,0.0141568368148275,17.53,5.40621922897616e-05,0.000807577684816173
"119446-68-3","DTXSID4032372","Difenoconazole",-1.67993157,-0.688223523,1.19e-07,8.15e-06,0.0208962535861176,0.205010675680864,2.375,0.00879842256257582,0.0863202844972057
"120-12-7","DTXSID0023878","Anthracene",-1.88858101,-0.62973276,8.27e-07,5.13e-05,0.0129246559158764,0.234567176364577,1.721,0.00750996857401304,0.136297022873084
"120068-37-3","DTXSID4034609","Fipronil",-3.062931529,-2.045868687,3.26e-08,2.38e-06,0.000865104300631353,0.00899769594160504,76.31,1.13367094827854e-05,0.000117909788253244
"120116-88-3","DTXSID9034492","Cyazofamid",-0.897876481,-0.211381299,1.81e-08,2.12e-06,0.126509610609778,0.61463700081467,2.226,0.0568327091688132,0.276117251039834
"121-14-2","DTXSID0020529","2,4-Dinitrotoluene",-1.967795201,-1.558265297,2.96e-08,4.55e-06,0.010769729589438,0.0276525192291605,37.77,0.000285139782616838,0.000732129182662443
"121552-61-2","DTXSID1032359","Cyprodinil",-1.257188091,-0.166309557,1.55e-08,1.55e-06,0.0553110507644332,0.681852509149648,10.79,0.00512614001523941,0.063193003628327
"122-14-5","DTXSID4032613","Fenitrothion",-2.839530032,-1.674774919,8.1e-08,5.1e-06,0.00144700478746629,0.0211458467779521,14.77,9.79691799232425e-05,0.00143167547582614
"122-34-9","DTXSID4021268","Simazine",-0.428666079,0.17003536,1.21e-08,9.33e-07,0.372678141457787,1.47922882120158,0.7704,0.48374628953503,1.92007894756176
"122-39-4","DTXSID4021975","Diphenylamine",-1.109701884,-0.109144875,4.86e-06,0.00031455,0.0776780144650157,0.777777051434167,6.051,0.012837219379444,0.128536944543739
"122836-35-5","DTXSID6032645","Sulfentrazone",0.311984487,0.79971725,1.18e-07,8e-06,2.05108891261585,6.30546689650447,0.09935,20.6450821601998,63.4672058027627
"122836-35-5","DTXSID6032645","Sulfentrazone",0.311984487,0.79971725,1.18e-07,8e-06,2.05108891261585,6.30546689650447,0.09935,20.6450821601998,63.4672058027627
"122931-48-0","DTXSID1032642","Rimsulfuron",-0.669254492,-0.289555461,2.67e-08,2.24e-06,0.214163525760423,0.513386611961153,1.642,0.130428456614143,0.312659325189497
"123312-89-0","DTXSID2032637","Pymetrozine",0.931476927,1.457038059,1.35e-08,1.2e-06,8.54037473298226,28.6442898052365,0.115,74.2641281128892,249.0807809151
"125401-92-5","DTXSID7034383","Bispyribac-sodium",-3.967331693,-3.013353156,1.6e-07,9.41e-06,0.000107812298980974,0.000969721096752734,143,7.53932160706114e-07,6.78126641085828e-06
"126-73-8","DTXSID3021986","Tributyl phosphate",-2.683678926,-1.988302964,5.01e-05,0.004029341,0.00207167237058959,0.0102729940363787,223.7,9.26094041390072e-06,4.59230846507764e-05
"126535-15-7","DTXSID2032502","Triflusulfuron-methyl",-0.156988109,0.526118363,3.41e-08,3.23e-06,0.696645588033252,3.35829128937757,0.09742,7.1509504006698,34.4722981870003
"126833-17-8","DTXSID3032549","Fenhexamid",-0.219961738,0.50352455,1.65e-08,1.76e-06,0.60261267482282,3.18804578593389,0.7222,0.834412454753282,4.41435306831057
"129-00-0","DTXSID3024289","Pyrene",-1.150442937,-0.008738846,1.36e-06,6.56e-05,0.0707224118460392,0.980079158568997,24.84,0.00284711802922863,0.0394556827121174
"129630-19-9","DTXSID8034871","Pyraflufen-ethyl",-2.6507798,-1.721755065,1.53e-07,9.13e-06,0.00223470499640192,0.0189777593410254,32.33,6.9121713467427e-05,0.000587001526168432
"131341-86-1","DTXSID2032398","Fludioxonil",-1.687529792,-0.501029788,1.41e-08,1.89e-06,0.0205338416231587,0.315478823090673,6.255,0.00328278842896223,0.0504362626843601
"131807-57-3","DTXSID8034588","Famoxadone",-1.773619812,-0.656010779,2.18e-08,1.96e-06,0.0168414774450442,0.22079499319826,5.808,0.00289970341684645,0.0380156668729787
"131860-33-8","DTXSID0032520","Azoxystrobin",-0.319653541,0.34445785,2.39e-08,1.96e-06,0.479012072457083,2.21033372424443,0.5907,0.81092275682594,3.741888817072
"13194-48-4","DTXSID4032611","Ethoprop",-0.254502276,0.419223459,7.05e-08,5.84e-06,0.556541717591523,2.62556913880837,1.335,0.416885181716497,1.96671845603623
"131983-72-7","DTXSID0032655","Triticonazole",-1.666007346,-1.027640045,1.85e-08,1.65e-06,0.0215770791166759,0.0938339405767551,1.899,0.0113623376075176,0.0494122909830201
"132-64-9","DTXSID2021993","Dibenzofuran",-1.050706064,0.098254963,1.27e-07,6.79e-06,0.0889803144131111,1.2538770775409,24.15,0.00368448506886589,0.0519203758816108
"135158-54-2","DTXSID1032519","Acibenzolar-S-methyl",-0.736731161,0.289321415,7.01e-08,4.88e-06,0.1833449021345,1.94680034708679,0.08545,2.14563958027501,22.7829180466564
"135410-20-7","DTXSID0034300","Acetamiprid",-0.62602404,-0.224314732,8.71e-08,5.02e-06,0.236578873764688,0.596602773515926,4.485,0.0527489127680464,0.133021800115034
"13674-87-8","DTXSID9026261","Tris(1,3-dichloro-2-propyl) phosphate",-1.464893117,-0.386917351,1.88e-07,2.5e-05,0.0342852154548863,0.410282174862948,12.42,0.00276048433614222,0.0330339915348589
"137-26-8","DTXSID5021332","Thiram",-2.045784707,-1.144590896,4.05e-08,3.79e-06,0.00899943600416521,0.0716818332831084,20.44,0.000440285518794775,0.00350693900602292
"138261-41-3","DTXSID5032442","Imidacloprid",0.392763497,0.899287781,1.28e-08,1.52e-06,2.47037848887837,7.93026647781784,0.4551,5.42821025901641,17.42532735183
"139-40-2","DTXSID3021196","Propazine",-1.058836707,-0.284154827,7.51e-08,5.82e-06,0.0873299663869856,0.519810649783059,2.969,0.0294139327675937,0.175079370085234
"141-66-2","DTXSID9023914","Dicrotophos",0.420851929,0.801055848,1.03e-06,5.07e-05,2.63543269219265,6.3249318146343,2.078,1.26825442357683,3.0437592948192
"141112-29-0","DTXSID5034723","Isoxaflutole",-1.389912376,-0.535583198,2.5e-08,2.66e-06,0.0407462479840437,0.291351193844084,2.685,0.0151755113534613,0.108510686720329
"141517-21-7","DTXSID4032580","Trifloxystrobin",-1.012136458,0.120040937,2.25e-08,2.57e-06,0.0972441628622873,1.31838100451385,0.2225,0.437052417358595,5.92530788545549
"142459-58-3","DTXSID2032552","Flufenacet",0.547906006,1.19971297,1.18e-07,7.56e-06,3.53106738918222,15.8384606518468,0.3546,9.9578888583819,44.6657096780788
"1445-75-6","DTXSID5024051","Diisopropyl methylphosphonate",-0.490288271,-0.132849017,2.73e-08,3.15e-06,0.323378936921056,0.736463085274032,2.341,0.138137093943211,0.314593372607446
"144550-36-7","DTXSID2034673","Iodosulfuron-methyl-sodium",-2.859691026,-1.778056478,2.8e-08,2.34e-06,0.00138136667312268,0.0166703040881641,18.66,7.40282247118262e-05,0.00089337106581801
"145-73-3","DTXSID7024081","Endothal",-0.284060501,0.094798264,6.85e-08,3.66e-06,0.519923561612388,1.24393665117567,2.429,0.214048399181716,0.512118835395499
"148-79-8","DTXSID0021337","Thiabendazole",-1.740848603,-1.366760324,6.68e-08,4.61e-06,0.0181614866998636,0.0429773542339123,26.85,0.000676405463682071,0.00160064634018295
"149877-41-8","DTXSID5032525","Bifenazate",-0.269652558,0.248101492,1.8e-08,2.29e-06,0.537461601641603,1.77052267043973,0.2168,2.47906642823618,8.16661748357809
"149979-41-9","DTXSID7034252","Tepraloxydim",-0.305236878,0.3298723,1.93e-08,2.02e-06,0.495180030223137,2.13733353529523,1.416,0.349703411174532,1.50941633848533
"15299-99-7","DTXSID5024211","Napropamide",-2.610314941,-1.473839098,1.73e-08,1.87e-06,0.00245292945896382,0.0335862024900244,9.874,0.000248423076662327,0.00340147888292732
"153233-91-1","DTXSID8034586","Etoxazole",-0.821311591,0.226412204,1.38e-07,7.41e-06,0.150899711338914,1.68427190371885,7.419,0.0203396295105694,0.22702141848212
"153719-23-4","DTXSID2034962","Thiamethoxam",0.981060048,1.331560995,1.78e-08,1.94e-06,9.57326427485768,21.4566044446315,1.974,4.8496779507891,10.8696071148083
"153719-23-4","DTXSID2034962","Thiamethoxam",0.981060048,1.331560995,1.78e-08,1.94e-06,9.57326427485768,21.4566044446315,1.974,4.8496779507891,10.8696071148083
"156052-68-5","DTXSID9032581","Zoxamide",-2.987083455,-1.999029764,2.11e-08,2.19e-06,0.00103018813816071,0.010022365483015,230.3,4.47324419522671e-06,4.35187385280721e-05
"1563-66-2","DTXSID9020249","Carbofuran",-1.621694851,-1.250209536,2.48e-06,0.000172221,0.0238948962398728,0.0562070075298329,5.899,0.00405066896760006,0.0095282263993614
"1596-84-5","DTXSID9020370","Daminozide",0.205152164,0.559017486,1e-08,6.35e-07,1.60380721909065,3.62257583701229,0.3858,4.15709491729044,9.38977666410651
"15972-60-8","DTXSID1022265","Alachlor",0.034548048,0.637146476,7.26e-08,4.16e-06,1.08279950360002,4.33657114758301,0.327,3.31131346666672,13.2616854666147
"1610-18-0","DTXSID6022341","Prometon",-2.067682262,-0.835679316,8.98e-08,5.26e-06,0.00855692524651837,0.14598918497298,6.529,0.00131060273342294,0.0223601141021566
"161050-58-4","DTXSID3032628","Methoxyfenozide",-1.316201763,-0.489743055,1.09e-07,6.44e-06,0.0482834436405297,0.323785163790951,1.757,0.0274806167561353,0.184282961747838
"161326-34-7","DTXSID2034590","Fenamidone",-0.70072721,0.070665484,1.65e-08,1.52e-06,0.199192411785936,1.17669926992832,2.63,0.0757385596144244,0.447414171075406
"16752-77-5","DTXSID1022267","Methomyl",-1.640229494,-1.2160671,5.3e-08,3e-06,0.0228965741059543,0.060804104957515,0.8356,0.0274013572354647,0.0727669997098073
"1689-84-5","DTXSID3022162","Bromoxynil",0.654655676,1.269511256,8.69e-08,5.7e-06,4.51497839005436,18.5999276970039,0.07651,59.0116114240539,243.10453139464
"1698-60-8","DTXSID3034872","Chloridazon",-0.545649196,-0.16902592,1.23e-08,1.25e-06,0.28467596663601,0.677601065135651,4.682,0.0608022141469478,0.144724704215218
"1702-17-6","DTXSID9029221","Clopyralid",-3.762315326,-3.349222804,1.05e-08,8.35e-07,0.000172856085603545,0.000447483674890635,5.954,2.90319256976058e-05,7.51568147280207e-05
"173584-44-6","DTXSID1032690","Indoxacarb",-1.671453096,-0.563994316,1.97e-07,1.44e-05,0.021308206847115,0.272901349961281,2.223,0.00958533821282727,0.122762640558381
"175013-18-0","DTXSID7032638","Pyraclostrobin",-1.119897297,-0.157815427,2.04e-08,2.03e-06,0.0758756986485279,0.695319762252129,6.47,0.011727310455723,0.107468278555198
"17804-35-2","DTXSID5023900","Benomyl",-1.128618512,0.047147568,1.03e-07,5.09e-06,0.0743672099025331,1.11467322169883,347.4,0.000214067961722893,0.00320861606706628
"181274-15-7","DTXSID9034864","Propoxycarbazone-sodium",-2.912980779,-1.959013621,2.42e-08,2.18e-06,0.00122185373575629,0.010989713712907,183.9,6.64412036844093e-06,5.97591827781786e-05
"1861-32-1","DTXSID0024000","Chlorthal-dimethyl",-0.702638626,0.508701182,1.15e-07,6.03e-06,0.198317652949399,3.22627350786902,2.004,0.0989609046653685,1.60991692009432
"1861-40-1","DTXSID3023899","Benfluralin",-0.720718328,0.429295866,1.21e-07,6.39e-06,0.19023116693179,2.68717447768578,6.762,0.0281323819774904,0.397393445383877
"188425-85-6","DTXSID6034392","Boscalid",-1.753273073,-0.572741537,2.05e-08,1.83e-06,0.017649277313751,0.267459767658345,1.569,0.0112487427111224,0.170465116417046
"188489-07-8","DTXSID3034618","Flufenpyr-ethyl",-1.617062144,-0.562982202,1.35e-07,7.59e-06,0.0241511522641776,0.273538082377138,0.01708,1.41400188900337,16.0151102094343
"1897-45-6","DTXSID0020319","Chlorothalonil",-2.339513033,-1.940511064,2.92e-07,3.12e-05,0.00457601002261124,0.01146803305317,18.62,0.000245757788539809,0.00061589866021321
"19044-88-3","DTXSID8024238","Oryzalin",-1.960357948,-0.746063621,1.25e-07,6.19e-06,0.0109557484485714,0.179447073059561,11.33,0.000966968089017773,0.0158382235710115
"1912-24-9","DTXSID9020112","Atrazine",-1.630229752,-1.234289969,6.24e-08,4.33e-06,0.0234298899109325,0.0583055680659544,29.7,0.000788885182186281,0.00196315043993112
"1918-00-9","DTXSID4024018","Dicamba",-3.655368927,-3.245059043,1.44e-08,1.19e-06,0.000221121551533975,0.000568775599673377,14.27,1.54955537164663e-05,3.98581359266557e-05
"1918-00-9","DTXSID4024018","Dicamba",-3.655368927,-3.245059043,1.44e-08,1.19e-06,0.000221121551533975,0.000568775599673377,14.27,1.54955537164663e-05,3.98581359266557e-05
"1918-02-1","DTXSID1021160","Picloram",-0.498047148,-0.082316058,7.23e-08,4.11e-06,0.317652920067142,0.827339847633438,10.76,0.0295216468463887,0.0768903204120296
"1929-77-7","DTXSID7024376","Vernolate",-0.363125257,0.743658112,7.57e-08,4.74e-06,0.433385865419127,5.54189268871322,3.896,0.111238671822158,1.42245705562454
"1929-82-4","DTXSID0024216","Nitrapyrin",-2.314173031,-1.06252695,8.43e-08,5.75e-06,0.00485095190708293,0.0865910587898543,51.56,9.40836289193742e-05,0.00167942317280555
"19666-30-9","DTXSID3024239","Oxadiazon",-1.412978392,-0.381677517,1.06e-07,7.71e-06,0.0386386200934825,0.415262278922042,1285,3.00689650532938e-05,0.000323161306554118
"2008-41-5","DTXSID7023936","Butylate",-1.439571663,-0.327229795,6.96e-08,4.88e-06,0.0363436328912768,0.470728187595338,3.018,0.0120422905537696,0.155973554537885
"206-44-0","DTXSID3024104","Fluoranthene",-0.988158043,0.13853945,1.01e-06,5.47e-05,0.102764226339199,1.37574977355688,8.101,0.0126853754276261,0.169824685045906
"208465-21-8","DTXSID6034712","Mesosulfuron-methyl",-1.579034995,-0.506949377,1.67e-07,9.68e-06,0.0263611896152862,0.311207907161883,18.02,0.0014628851062867,0.01727013913218
"2104-64-5","DTXSID7022174","EPN",-2.284449447,-1.225552472,1.06e-07,5.78e-06,0.00519458136257376,0.0594904875268976,11.01,0.000471805755002158,0.00540331403514056
"21087-64-9","DTXSID6024204","Metribuzin",-0.263928493,0.202830242,1.25e-08,1.38e-06,0.544592313103833,1.59525546832099,1.837,0.296457437726637,0.868402541274356
"210880-92-5","DTXSID2034465","Clothianidin",0.582210199,1.086253351,1.06e-07,6.55e-06,3.82129177024934,12.1970091888126,0.2154,17.7404446158279,56.6249265961586
"210880-92-5","DTXSID2034465","Clothianidin",0.582210199,1.086253351,1.06e-07,6.55e-06,3.82129177024934,12.1970091888126,0.2154,17.7404446158279,56.6249265961586
"2164-17-2","DTXSID8020628","Fluometuron",0.222797265,0.755189364,6.6e-08,5.41e-06,1.67031070688294,5.69101020006281,0.6501,2.56931350081978,8.75405353032273
"21725-46-2","DTXSID1023990","Cyanazine",-1.948240834,-1.581651133,1.44e-08,1.45e-06,0.0112657255250418,0.0262028702899792,9.289,0.0012128028340017,0.00282084942297117
"219714-96-2","DTXSID0034803","Penoxsulam",-4.703671344,-3.86355699,2.66e-06,0.000228234,1.97846629473762e-05,0.000136912471413695,141.4,1.39919822824443e-07,9.68263588498549e-07
"2212-67-1","DTXSID6024206","Molinate",-2.371750746,-1.957661293,5.82e-08,3.25e-06,0.00424863335181673,0.0110239873700043,67.86,6.2608802708764e-05,0.000162451921161278
"2212-67-1","DTXSID6024206","Molinate",-2.371750746,-1.957661293,5.82e-08,3.25e-06,0.00424863335181673,0.0110239873700043,67.86,6.2608802708764e-05,0.000162451921161278
"22224-92-6","DTXSID3024102","Fenamiphos",0.260665642,0.976339844,1.79e-08,1.34e-06,1.82249204776504,9.46977900395907,0.4774,3.81753675694394,19.8361520820257
"22781-23-3","DTXSID9032327","Bendiocarb",0.41845007,0.937876619,8.27e-08,4.66e-06,2.6208977017534,8.66715610989187,0.3584,7.31277260533872,24.1829132530465
"2303-17-5","DTXSID5024344","Tri-allate",-2.674332713,-1.681349069,1.12e-07,5.46e-06,0.00211673888027951,0.0208281612360595,740.2,2.85968505847002e-06,2.81385588166164e-05
"2310-17-0","DTXSID1024259","Phosalone",-1.133127124,-0.078325631,1.3e-07,9.56e-06,0.0735991631034042,0.834976723690189,4.438,0.0165838582927905,0.188142569556149
"23135-22-0","DTXSID6021086","Oxamyl",0.120029277,0.468455073,1.33e-08,1.72e-06,1.31834560890834,2.94072946472277,2.965,0.444635955786961,0.991814321997561
"23422-53-9","DTXSID4032405","Formetanate hydrochloride",1.341536859,1.77668381,7.48e-08,4.72e-06,21.9551727694438,59.7976077436656,0.08836,248.474114638341,676.749748117538
"23564-05-8","DTXSID1024338","Thiophanate-methyl",0.35261977,0.801074322,1.73e-08,1.93e-06,2.25226646253824,6.3252008700344,0.6736,3.34362598357815,9.3901438094335
"23564-05-8","DTXSID1024338","Thiophanate-methyl",0.35261977,0.801074322,1.73e-08,1.93e-06,2.25226646253824,6.3252008700344,0.6736,3.34362598357815,9.3901438094335
"2385-85-5","DTXSID7020895","Mirex",-4.679712434,-3.572172042,2.24e-06,0.000155327,2.0906800063395e-05,0.000267810720566697,5721,3.6543960956817e-09,4.68118721493965e-08
"23950-58-5","DTXSID2020420","Propyzamide",-1.575194334,-1.029450426,1.51e-08,1.75e-06,0.0265953472997444,0.093443602650355,4.572,0.00581700509618207,0.0204382333006026
"25057-89-0","DTXSID0023901","Bentazone",-2.620017334,-2.198015464,1.33e-08,1.34e-06,0.0023987371762879,0.00633847141348462,107.7,2.22723971800177e-05,5.88530307658739e-05
"25606-41-1","DTXSID6034849","Propamocarb hydrochloride",0.733449107,1.185692999,1.4e-08,1.36e-06,5.4131381005623,15.3353255164112,0.2283,23.7106355696991,67.1718156654016
"2593-15-9","DTXSID3032547","Etridiazole",-2.548427005,-1.386308445,9.69e-08,5.63e-06,0.00282860949585642,0.0410857817666643,1.317,0.0021477672709616,0.0311964933687656
"26225-79-6","DTXSID8034580","Ethofumesate",0.096615266,0.758514872,1.66e-08,1.59e-06,1.24915193773034,5.73475504330989,0.5012,2.49232230193603,11.4420491686151
"2675-77-6","DTXSID2024793","Chloroneb",-1.592077168,-0.925914466,7.07e-08,3.87e-06,0.0255813130269205,0.118600230750682,2.022,0.012651490122117,0.0586549113504855
"27314-13-2","DTXSID8024234","Norflurazon",0.23684136,0.832579907,8.5e-08,5.97e-06,1.72520758942835,6.80111168959875,0.5998,2.87630475063079,11.3389658045995
"28249-77-6","DTXSID6024337","Thiobencarb",-1.418319034,-0.238235973,9.27e-08,5.77e-06,0.0381663796489867,0.577782025444653,47.4,0.000805197882890014,0.0121894942076931
"28434-00-6","DTXSID2039336","S-Bioallethrin",-0.657713804,0.535889434,1.72e-08,1.55e-06,0.219930871921191,3.43470493431306,36.91,0.00595857144191792,0.0930562160474956
"2921-88-2","DTXSID4020458","Chlorpyrifos",-1.593794641,-0.430291526,1.65e-08,2.42e-06,0.0254803482278005,0.371285914775116,40.52,0.000628833865444238,0.0091630284988923
"298-00-0","DTXSID1020855","Methyl parathion",-1.198917499,-0.426358319,1.17e-06,7.97e-05,0.0632531999267405,0.37466375461624,3.368,0.0187806413084146,0.111242207427625
"298-02-2","DTXSID4032459","Phorate",-2.330004,-1.560920966,1.33e-08,1.3e-06,0.00467730833307182,0.0274839426728289,276.7,1.69038971198837e-05,9.93275846506284e-05
"30560-19-1","DTXSID8023846","Acephate",-0.021605812,0.342252082,5.63e-08,3.28e-06,0.95146800312749,2.19913596944385,2.933,0.324400955720249,0.749790647611269
"309-00-2","DTXSID8020040","Aldrin",-2.595260142,-1.580216229,1.21e-07,7.12e-06,0.00253945112096715,0.0262895874510316,12690,2.00114351534054e-07,2.07167749811124e-06
"31218-83-4","DTXSID7032470","Propetamphos",-2.473145223,-1.403987737,1.09e-07,7.85e-06,0.00336399062650358,0.039446844036598,6.671,0.000504270817943874,0.00591318303651596
"330-54-1","DTXSID0020446","Diuron",-0.105341433,0.54507114,1.25e-08,1.04e-06,0.784618541812735,3.508093338862,0.7442,1.05431139722216,4.7139120382451
"330-55-2","DTXSID2024163","Linuron",-0.292846311,0.333918162,1.29e-08,1.25e-06,0.509511145980833,2.15733784435029,0.6386,0.797856476637696,3.37823026049215
"33089-61-1","DTXSID5023871","Amitraz",-1.121056436,0.071179236,1.17e-07,8.24e-06,0.0756734551965885,1.17809207904108,25.12,0.0030124783119661,0.0468985700255208
"3337-71-1","DTXSID8023890","Asulam",-0.517526408,-0.139921922,8.68e-08,5.43e-06,0.303720140423623,0.724566211777445,5.459,0.055636589196487,0.132728743685189
"3380-34-5","DTXSID5032498","Triclosan",-1.301435956,-0.153935941,1.19e-06,8.54e-05,0.0499532839266152,0.701558771618336,5.957,0.00838564443958623,0.117770483736501
"33820-53-0","DTXSID8024157","Isopropalin",-1.37518868,-0.138789579,1.06e-07,6.5e-06,0.0421513336433937,0.726457849913258,301.8,0.000139666446797196,0.00240708366439118
"34014-18-1","DTXSID3024316","Tebuthiuron",1.123649144,1.703440739,8.06e-08,3.69e-06,13.2938001010943,50.5173707518815,0.57,23.3224563177093,88.626966231371
"34256-82-1","DTXSID8023848","Acetochlor",-0.87343255,0.297842821,8.51e-08,4.13e-06,0.133834305622334,1.98537624387101,0.1281,1.04476429057248,15.4986435899376
"35367-38-5","DTXSID1024049","Diflubenzuron",-4.63740391,-4.103843725,1.76e-08,2.55e-06,2.30460282547394e-05,7.87329048446278e-05,167.8,1.37342242280926e-07,4.69206822673586e-07
"35554-44-0","DTXSID8024151","Imazalil",-3.217392622,-2.651478726,1.78e-08,2.39e-06,0.000606188060168602,0.00223111149623748,74.24,8.16524865528828e-06,3.00526871799229e-05
"361377-29-9","DTXSID2034625","Fluoxastrobin",-1.754407609,-0.675037401,1.74e-07,9.93e-06,0.0176032311183379,0.211330703614269,2.198,0.00800874937140034,0.0961468169309688
"36734-19-7","DTXSID3024154","Iprodione",-1.723512774,-0.64739907,2.32e-08,2.38e-06,0.0189011063612559,0.225216875975464,13.2,0.00143190199706484,0.0170618845435957
"40487-42-1","DTXSID7024245","Pendimethalin",-0.943187621,0.182536046,1.43e-08,1.68e-06,0.113975729085763,1.52242548740272,18.8,0.00606253878115759,0.0809800791171661
"42874-03-3","DTXSID7024241","Oxyfluorfen",-3.041924309,-2.063653012,1.16e-07,8.01e-06,0.000907978763438925,0.00863668316731708,628.2,1.44536574886808e-06,1.37483017626824e-05
"43121-43-3","DTXSID3023897","Triadimefon",-1.723948007,-0.759291252,1.7e-08,1.77e-06,0.0188821738975408,0.174063915266958,0.5829,0.0323935047135714,0.298617113170283
"43222-48-6","DTXSID6024048","Difenzoquat metilsulfate",-1.915464058,-1.49427073,1.26e-07,6.48e-06,0.0121488715978107,0.032042712268326,5.533,0.00219571147619929,0.00579120048225664
"50-29-3","DTXSID4020375","Dichlorodiphenyltrichloroethane",0.228710725,1.12279174,1.14e-07,7.95e-06,1.69320961118624,13.2675807640417,1.162,1.45715112838747,11.417883617936
"50471-44-8","DTXSID4022361","Vinclozolin",-0.462563792,0.170530265,1.07e-07,4.95e-06,0.344695971666761,1.48091545331952,0.4698,0.733707900525248,3.15222531570779
"51-03-6","DTXSID1021166","Piperonyl butoxide",-1.291132411,-0.190663716,2.75e-08,2.62e-06,0.0511525853875839,0.644668253451512,1.348,0.0379470218008783,0.478240544103495
"51-28-5","DTXSID0020523","2,4-Dinitrophenol",-1.667496195,-1.310764386,5.89e-08,3.68e-06,0.0215032351896518,0.0488917535573674,127.7,0.000168388685901737,0.000382864162547904
"51218-45-2","DTXSID4022448","Metolachlor",-0.577069334,0.088264929,9.78e-08,6.52e-06,0.264807734610317,1.22536346945909,0.3784,0.69980902381162,3.23827555353883
"51218-45-2","DTXSID4022448","Metolachlor",-0.577069334,0.088264929,9.78e-08,6.52e-06,0.264807734610317,1.22536346945909,0.3784,0.69980902381162,3.23827555353883
"51235-04-2","DTXSID4024145","Hexazinone",1.017327093,1.4950246,8.96e-08,4.31e-06,10.4070368656665,31.2625644450731,0.2928,35.543158694216,106.771053432627
"51338-27-3","DTXSID0032605","Methyl (RS)-2-[4-(2,4-dichlorophenoxy)phenoxy]propionate",-2.969500902,-1.890199113,1.12e-07,5.85e-06,0.00107275141980173,0.012876590573359,773.5,1.38687966360922e-06,1.66471759190161e-05
"51707-55-2","DTXSID0032651","Thidiazuron",-1.811932971,-1.384654155,6.9e-08,3.6e-06,0.0154193841732401,0.0412425818523771,86.02,0.00017925347794978,0.000479453404468462
"52-68-6","DTXSID0021389","Trichlorfon",1.830672438,2.175532105,1.49e-08,1.38e-06,67.7130596400208,149.806999301845,0.04437,1526.10005950013,3376.31280824533
"5234-68-4","DTXSID0023951","Carboxin",0.624160483,1.180726873,1.63e-08,1.14e-06,4.20882126441514,15.160965972202,0.3534,11.9095112179262,42.9002998647483
"528-29-0","DTXSID4024066","1,2-Dinitrobenzene",0.198637241,0.822272897,1.18e-07,9.22e-06,1.57992780039155,6.64160276747952,1.3,1.21532907722427,5.10892520575348
"53112-28-0","DTXSID8034877","Pyrimethanil",-0.982179468,-0.1413478,1.19e-08,1.05e-06,0.104188679076762,0.722191212996424,2.016,0.0516808923991873,0.358229768351401
"534-52-1","DTXSID1022053","2-Methyl-4,6-dinitrophenol",-3.47782442,-2.429091681,7.26e-08,5.23e-06,0.000332794070713152,0.0037231310143219,1318,2.52499294926519e-07,2.82483385001662e-06
"55-38-9","DTXSID8020620","Fenthion",-1.052886214,0.010101124,9.84e-08,7.07e-06,0.0885347542226321,1.02353129033247,1.434,0.0617397170311242,0.713759616689312
"55219-65-3","DTXSID0032493","Triadimenol",-2.171106853,-1.789926868,1.64e-08,1.81e-06,0.00674362088501288,0.016220832212593,26.44,0.000255053739977794,0.000613495923320463
"55283-68-6","DTXSID8032386","Ethalfluralin",-2.781507959,-1.744307298,1.22e-07,6.36e-06,0.0016538344758686,0.0180174241318934,1572,1.05205755462379e-06,1.14614657327566e-05
"55285-14-8","DTXSID5023950","Carbosulfan",0.09946059,1.117243505,1.15e-07,6.13e-06,1.25736274996055,13.0991617532392,3.445,0.364981930322365,3.80236915914056
"55335-06-3","DTXSID0032497","Triclopyr",-1.126949241,-0.757370676,9.05e-08,4.97e-06,0.0746536006137974,0.174835380885883,117.3,0.000636433082811572,0.001490497705762
"5598-13-0","DTXSID6032352","Chlorpyrifos-methyl",-1.270486782,-0.079885872,1.12e-07,4.9e-06,0.0536430197750549,0.831982378553822,4.335,0.0123743990253875,0.191922117313454
"5598-13-0","DTXSID6032352","Chlorpyrifos-methyl",-1.270486782,-0.079885872,1.12e-07,4.9e-06,0.0536430197750549,0.831982378553822,4.335,0.0123743990253875,0.191922117313454
"56-38-2","DTXSID7021100","Parathion",-2.5840184,-1.514550894,1.03e-07,5.52e-06,0.00260604313595612,0.0305808185573138,3.771,0.000691074817278206,0.00810947190594374
"56-72-4","DTXSID2020347","Coumaphos",-2.392677508,-1.20166993,1.17e-07,5.71e-06,0.0040487642727426,0.0628535873559184,151.2,2.67775414863929e-05,0.000415698329073535
"563-12-2","DTXSID2024086","Ethion",-1.808118144,-0.652662259,1.41e-07,8.4e-06,0.0155554240955291,0.222503958097189,129.4,0.000120211932732064,0.0017195050857588
"57-24-9","DTXSID6023600","Strychnine",0.431471267,0.92775288,1.97e-08,1.53e-06,2.70066842571154,8.46745466309844,0.456,5.92251847743758,18.5689795243387
"576-26-1","DTXSID9024063","2,6-Dimethylphenol",0.390061797,0.956118826,4.57e-07,3.68e-05,2.45505822806674,9.03896752349442,0.6134,4.00237728736018,14.7358453268575
"57837-19-1","DTXSID6024175","Metalaxyl",-1.465018938,-1.086078025,9.92e-08,5.14e-06,0.0342752840018041,0.0820204173864729,2.518,0.013612106434394,0.0325736367698463
"584-79-2","DTXSID8035180","Allethrin",-3.149572027,-2.170945414,1.67e-08,2.18e-06,0.000708643769342821,0.0067461281371863,830.7,8.53068218782739e-07,8.1210161757389e-06
"5902-51-2","DTXSID8024317","Terbacil",-0.866864218,-0.323999651,7.53e-08,4.54e-06,0.13587381891496,0.474242366362299,5.793,0.0234548280536786,0.0818647274921974
"59756-60-4","DTXSID8024107","Fluridone",-0.433398978,0.27955095,1.17e-07,6.59e-06,0.368638781592627,1.90349153584321,2.016,0.182856538488406,0.944192230080958
"60-51-5","DTXSID7020479","Dimethoate",-0.665770205,-0.140651546,9.05e-07,7.11e-05,0.215888642246407,0.723349947036584,0.2392,0.902544490996686,3.0240382401195
"60-57-1","DTXSID9020453","Dieldrin",-3.004312426,-1.993922147,1.33e-07,8.44e-06,0.000990119409151656,0.0101409315898499,1624,6.09679439132793e-07,6.24441600360215e-06
"60168-88-9","DTXSID2032390","Fenarimol",-2.046694495,-1.041749956,1.14e-07,9.88e-06,0.0089806031401151,0.0908343356151312,7.831,0.00114680157580323,0.0115993277506233
"60207-90-1","DTXSID8024280","Propiconazole",-0.871205123,-0.182348504,2.48e-08,1.77e-06,0.134522483658992,0.657130304861663,1.972,0.0682162696039513,0.333230377718896
"606-20-2","DTXSID5020528","2,6-Dinitrotoluene",1.183772794,1.77848808,1.36e-07,9.06e-06,15.2676710403355,60.046552781553,0.4344,35.1465723764628,138.228712664717
"63-25-2","DTXSID9020247","Carbaryl",0.832266835,1.346407295,7.19e-08,3.81e-06,6.79621070546252,22.2027768983163,0.1229,55.2987038686942,180.65725710591
"66215-27-8","DTXSID6023999","Cyromazine",-3.723185893,-3.355203958,1.1e-08,8.17e-07,0.000189153380371036,0.000441363121024136,2.636,7.17577315519862e-05,0.00016743669234603
"66332-96-5","DTXSID8024109","Flutolanil",-1.248134363,-0.176151917,1.93e-08,1.78e-06,0.0564762220379449,0.666573559783368,4.156,0.0135890813373303,0.160388248263563
"67485-29-4","DTXSID6023868","Hydramethylnon",-2.917295195,-1.759023739,1.5e-07,8.97e-06,0.00120977555553785,0.0174171166697056,1576,7.67624083463103e-07,1.10514699680873e-05
"67747-09-5","DTXSID4024270","Prochloraz",-2.4359685,-1.344637636,2.13e-08,1.83e-06,0.00366464153853188,0.0452233118531901,3.357,0.00109164180474587,0.0134713469923116
"68157-60-8","DTXSID1034634","Forchlorfenuron",-0.409733104,0.42639086,8.63e-08,5.2e-06,0.389284306461204,2.66925988678321,1.992,0.195423848625103,1.33998990300362
"68359-37-5","DTXSID5035957","Cyfluthrin",-0.234778632,0.806535609,1.83e-06,0.000131754,0.582400002273064,6.40524297766605,8.765,0.0664460926723404,0.730775011713183
"68694-11-1","DTXSID2032500","Triflumizole",-2.520779555,-1.418235981,1.08e-07,5.98e-06,0.00301453579428799,0.0381736791555988,6.056,0.000497776716361954,0.0063034476809113
"69327-76-0","DTXSID8034401","Buprofezin",-1.144875062,-0.045694603,2.07e-08,2.29e-06,0.0716349460255527,0.90013033299991,75.26,0.000951832926196555,0.0119602754849842
"69806-50-4","DTXSID3034612","Fluazifop-butyl",-1.742944207,-0.884262697,1.37e-07,7.45e-06,0.0180740630520514,0.130538104752079,0.232,0.0779054441898768,0.562664244621032
"709-98-8","DTXSID8022111","Propanil",-1.448532761,-0.270554482,6.37e-08,4.5e-06,0.0356014133100341,0.536346582840707,2.423,0.0146931132109096,0.221356410582215
"7173-51-5","DTXSID9032537","Didecyldimethylammonium chloride",-3.34079096,-2.406609651,3.7e-07,3.81e-05,0.000456256474124985,0.00392094137609194,288.8,1.57983543672086e-06,1.35766668147228e-05
"71751-41-2","DTXSID8023892","Abamectin",-1.533336845,-0.422602998,4.51e-08,5.28e-06,0.0292862088396074,0.377917499131649,5.296,0.00552987327031863,0.07135904439797
"72-20-8","DTXSID6020561","Endrin",-3.187233149,-2.202568138,1.22e-07,6.55e-06,0.000649780764869625,0.00627237278784716,1711,3.79766665616379e-07,3.66591045461552e-06
"72-54-8","DTXSID4020373","p,p'-DDD",-2.518326421,-1.565910969,1.21e-07,6.67e-06,0.0030316117315227,0.027169961999212,17630,1.71957557091475e-07,1.54112093018786e-06
"7287-19-6","DTXSID4024272","Prometryn",-1.485199212,-0.264821241,8.5e-08,4.4e-06,0.0327190577289347,0.54347398359624,4.591,0.00712678234130576,0.118378127553091
"732-11-6","DTXSID5024261","Phosmet",-1.245189345,-0.578335932,1.32e-07,8.14e-06,0.0568604974707292,0.264036561269873,1.032,0.0550973812700864,0.255849381075458
"74051-80-2","DTXSID9024304","Sethoxydim",-0.824596991,-0.125743909,1.1e-07,4.03e-06,0.149762475111238,0.74861080470682,2.259,0.0662959163839035,0.331390351795848
"741-58-2","DTXSID9032329","Bensulide",-1.350119302,-0.297697351,1.36e-07,7.43e-06,0.0446560903677345,0.503851608099955,0.3989,0.111948083147993,1.26310255226863
"74115-24-5","DTXSID9023881","Clofentezine",-2.08010493,-1.065165673,1.03e-07,6.46e-06,0.00831562832722191,0.0860665366216612,317,2.62322660164729e-05,0.000271503270099878
"74223-64-6","DTXSID6023864","Metsulfuron-methyl",-0.574912486,-0.036099771,2.43e-08,2.11e-06,0.2661261272357,0.920238140039739,3.928,0.0677510507219195,0.234276512230076
"75-60-5","DTXSID7020508","Dimethylarsinic acid",0.279312443,0.650070619,4.99e-08,2.34e-06,1.90244645828849,4.46756231603459,3.742,0.508403649996925,1.19389693106216
"759-94-4","DTXSID1024091","EPTC",-2.568483745,-1.413656556,6.88e-08,3.2e-06,0.00270094819892835,0.0385783318000488,2.821,0.000957443530283003,0.0136754100673693
"76-44-8","DTXSID3020679","Heptachlor",-0.215178663,0.852536693,1.32e-07,6.89e-06,0.609286193402282,7.12092961305305,33.34,0.0182749308159053,0.21358517135732
"76738-62-0","DTXSID2024242","Paclobutrazol",-1.042025743,-0.411941374,9.1e-08,6e-06,0.090776672030433,0.387309924883913,1.989,0.0456393524537119,0.194725955195532
"77-47-4","DTXSID2020688","Hexachlorocyclopentadiene",-3.079106401,-2.09454627,1.18e-07,1.66e-05,0.000833476959951529,0.00804366046335778,25010,3.33257480988216e-08,3.21617771425741e-07
"77501-63-4","DTXSID7024160","Lactofen",-2.944721698,-1.891623834,1.39e-07,9.12e-06,0.00113573837962633,0.0128344175986282,224.9,5.04997056303395e-06,5.70672192024374e-05
"7786-34-7","DTXSID2032683","Mevinphos",0.194159962,0.649780871,1.01e-06,5.08e-05,1.56372349678646,4.46458268911922,0.3313,4.71996226014628,13.475951370719
"78-48-8","DTXSID1024174","Tribufos",0.17966912,0.898393227,1.92e-07,1.06e-05,1.51240853653709,7.91394863176803,1.314,1.15099584211346,6.0227919572055
"78587-05-0","DTXSID7024299","Hexythiazox",-0.708850592,0.371370435,2.24e-08,2.21e-06,0.195501191235473,2.35163781418194,1.184,0.165119249354285,1.98618058630232
"79241-46-6","DTXSID0034855","Fluazifop-P-butyl",-0.385318357,0.652582986,2.32e-08,2.3e-06,0.411795544143562,4.4934817896287,0.377,1.09229587305985,11.9190498398639
"79622-59-6","DTXSID7032551","Fluazinam",-1.820151132,-0.650316966,2.7e-08,2.91e-06,0.015130346293993,0.223708782377884,4.79,0.00315873617828663,0.0467032948596834
"79983-71-4","DTXSID4034653","Hexaconazole",-1.233601077,-0.375417953,1.03e-07,5.89e-06,0.0583981276411226,0.4212908695914,2.42,0.0241314577029432,0.174087136194793
"80-05-7","DTXSID7020182","Bisphenol A",-1.503670477,-0.752122013,2.5e-05,0.002193012,0.0313566402189268,0.176961172434968,1.841,0.0170323955561797,0.096122309850607
"81335-37-7","DTXSID3024152","Imazaquin",-2.651816193,-2.128341042,1.09e-07,5.19e-06,0.00222937849229437,0.00744147381667026,2.505,0.000889971454009727,0.00297064823020769
"81335-77-5","DTXSID3024287","Imazethapyr",0.43131448,0.966980252,8.56e-08,5.28e-06,2.69969361876608,9.26787680041158,1.325,2.03750461793666,6.99462400031062
"81406-37-3","DTXSID5034303","Fluroxypyr-meptyl",-2.464857552,-1.559384572,2.3e-08,2.21e-06,0.00342880232354756,0.0275813441960407,556.3,6.16358497851441e-06,4.95799823764888e-05
"81777-89-1","DTXSID1032355","Clomazone",-0.437033941,0.107869643,9.55e-08,4.59e-06,0.365566220750563,1.28194573852396,2.752,0.132836562772734,0.465823306149696
"82-68-8","DTXSID2021105","Pentachloronitrobenzene",-0.939012521,0.151431285,1.04e-07,4.53e-06,0.115076721107882,1.41720046122038,0.1415,0.813263046698812,10.0155509626882
"82097-50-5","DTXSID0024345","Triasulfuron",-0.948717047,-0.242715178,2.1e-08,2.81e-06,0.112533791911755,0.571853550655531,2.895,0.0388717761353212,0.197531451003638
"82558-50-7","DTXSID8024159","Isoxaben",-1.201588831,-0.595216222,1.8e-08,1.67e-06,0.0628653255641091,0.253970794747012,2.191,0.0286925265011908,0.115915469989508
"82657-04-3","DTXSID9020160","Bifenthrin",-3.154785234,-2.044161677,2.57e-08,2.35e-06,0.000700188165345926,0.00903313130179256,10870,6.44147346224403e-08,8.31014839171349e-07
"83-32-9","DTXSID3021774","Acenaphthene",-1.735423904,-0.767213826,4.49e-08,3.82e-06,0.0183897614646727,0.170917359190139,18.25,0.00100765816244782,0.0093653347501446
"83-79-4","DTXSID6021248","Rotenone",-3.231662125,-2.35553748,2.44e-08,2.41e-06,0.000586594349193542,0.00441024300689704,5.828,0.000100651055112138,0.000756733528980274
"83055-99-6","DTXSID7024164","Bensulfuron-methyl",-4.25462621,-3.199127375,1.4e-07,8.78e-06,5.5638292073025e-05,0.000632226397378422,49.61,1.12151364791423e-06,1.27439306062976e-05
"834-12-8","DTXSID1023869","Ametryn",-2.033635943,-0.919310346,7.57e-08,3.96e-06,0.00925473647714081,0.120417513161336,10.31,0.000897646603020447,0.0116796811989656
"84-66-2","DTXSID7021780","Diethyl phthalate",-0.492874612,3.32024e-05,6.47e-05,0.003422459,0.321458850954444,1.00007645427377,0.2305,1.39461540544227,4.33872648274955
"84-74-2","DTXSID2021781","Dibutyl phthalate",-0.858240627,0.336331907,9.41e-05,0.006128988,0.138598769001053,2.16936139312077,1.81,0.0765739055254435,1.19854220614407
"84087-01-4","DTXSID6032641","Quinclorac",-2.189851659,-1.787914711,8.92e-08,4.8e-06,0.00645874801381325,0.0162961603365506,99.1,6.51740465571469e-05,0.000164441577563578
"85-68-7","DTXSID3020205","Benzyl butyl phthalate",-0.050921651,1.021569107,0.000142363,0.008328374,0.889361548869398,10.5091866872962,3.863,0.23022561451447,2.7204728675372
"85509-19-9","DTXSID3024235","Flusilazole",-2.55576879,-1.286184468,9.92e-08,5.52e-06,0.00278119352744866,0.0517387023443205,5.741,0.000484444091177261,0.00901214115037806
"86-50-0","DTXSID3020122","Azinphos-methyl",-0.033496899,0.508739751,2.14e-08,1.8e-06,0.925769995387882,3.22656004079465,0.2244,4.12553473880518,14.3786098074628
"86-73-7","DTXSID8024105","Fluorene",-1.057692035,0.097320555,7.45e-08,5.21e-06,0.0875604459930689,1.25118219351876,12.33,0.00710141492239002,0.101474630455698
"87-61-6","DTXSID8026193","1,2,3-Trichlorobenzene",-2.460683591,-1.357529889,2.23e-07,1.46e-05,0.00346191506785282,0.043900565136931,13.89,0.000249237945849735,0.0031605878428316
"87-86-5","DTXSID7021106","Pentachlorophenol",-0.712929713,-0.081817922,1.16e-06,8.02e-05,0.193673538332127,0.828289351311925,10.52,0.0184100321608486,0.0787347292121602
"87820-88-0","DTXSID1034973","Tralkoxydim",-2.701551226,-1.746550435,2.04e-08,3.92e-06,0.00198814829005352,0.0179246038027833,354.7,5.60515446871588e-06,5.05345469489238e-05
"88-06-2","DTXSID5021386","2,4,6-Trichlorophenol",-0.488418027,0.45635987,9.03e-09,1.07e-06,0.324774537514421,2.85995941365887,4.684,0.0693370063011147,0.610580575076616
"88-85-7","DTXSID3020207","Dinoseb",-3.860823564,-2.801401372,2.29e-07,1.76e-05,0.000137776908616968,0.00157978733570047,6657,2.06965462846579e-08,2.37312203049493e-07
"88671-89-0","DTXSID8024315","Myclobutanil",-0.767855364,0.029123305,9.92e-08,6.02e-06,0.170665067167188,1.06935844864918,1.059,0.161156815077609,1.00978134905493
"91-20-3","DTXSID8020913","Naphthalene",-4.500732356,-3.560187092,7.01e-05,0.005147913,3.15694956705255e-05,0.00027530424502292,15.79,1.99933474797502e-06,1.74353543396403e-05
"91-53-2","DTXSID9020582","Ethoxyquin",-1.41539079,-0.357362863,1.83e-07,2.63e-05,0.03842458715412,0.439174521716383,9.297,0.00413300926687319,0.0472383050141317
"92-52-4","DTXSID4020161","Biphenyl",-1.135713708,0.022383675,2.04e-06,0.00010626,0.0731621217812155,1.05289163421718,10.66,0.00686323844101458,0.0987703221592098
"92-87-5","DTXSID2020137","Benzidine",0.215850981,0.786035867,1.62e-06,0.000153688,1.64380758849936,6.10992482747874,1.26,1.30460919722172,4.84914668847519
"94-74-6","DTXSID4024195","MCPA",-3.773958674,-3.220007489,9.19e-07,6.11e-05,0.000168283418628449,0.000602549195590433,82.99,2.02775537568922e-06,7.26050362200787e-06
"94-75-7","DTXSID0020442","2,4-Dichlorophenoxyacetic acid",-3.352657892,-2.994623965,3.63e-07,2.39e-05,0.000443958226673005,0.00101245571224613,20.85,2.12929605118947e-05,4.85590269662412e-05
"94-82-6","DTXSID7024035","2,4-Dichlorophenoxybutyric acid",-2.545599423,-1.473377335,7.5e-08,5.72e-06,0.00284708594241124,0.0336219319641018,414.7,6.86541100171507e-06,8.10753121873688e-05
"94125-34-5","DTXSID9034868","Prosulfuron",-2.435535613,-1.444965299,1.71e-07,1.26e-05,0.0036682961245969,0.0358950614373102,12.02,0.000305182705873287,0.00298627798979287
"94361-06-5","DTXSID0032601","Cyproconazole",-2.572687785,-2.083189353,1.7e-08,1.8e-06,0.00267492872815666,0.00825677874381094,5.714,0.000468135934224126,0.00144500853059344
"95-48-7","DTXSID8021808","o-Cresol",-0.230372497,0.206269309,3.24e-05,0.002285935,0.588338817128484,1.60793803737827,0.2168,2.71373993140445,7.4166883642909
"95-94-3","DTXSID7024320","1,2,4,5-Tetrachlorobenzene",-1.927932544,-0.837888842,2.29e-08,2.94e-06,0.0118050398104484,0.145248333421936,59.35,0.000198905472796098,0.00244731817054653
"95-95-4","DTXSID4024359","2,4,5-Trichlorophenol",-1.285536303,-0.168154041,1.17e-08,1.21e-06,0.0518159776834259,0.678962766894879,6.118,0.00846943080801338,0.110977895863825
"950-37-8","DTXSID5020819","Methidathion",-0.772443295,-0.262492397,1.06e-07,4.87e-06,0.16887163375556,0.546396115311476,1.025,0.164752813420058,0.533069380791684
"95737-68-1","DTXSID1032640","Pyriproxyfen",-1.403225663,-0.21862638,1.83e-08,1.96e-06,0.0395161237670492,0.604468425011402,35.65,0.00110844666948244,0.0169556360452006
"96182-53-5","DTXSID1032482","Tebupirimfos",-1.958922269,-0.738512668,1.18e-07,6.01e-06,0.0109920255956566,0.182594348708243,5.42,0.00202804900288868,0.0336889942266131
"96489-71-3","DTXSID5032573","Pyridaben",-2.124364015,-1.378894825,1.07e-07,8.51e-06,0.00750993166061854,0.0417931566713137,1.183,0.00634820934963528,0.0353281121481942
"98-95-3","DTXSID3020964","Nitrobenzene",0.730897128,1.310214334,1.14e-05,0.000978959,5.38142296826828,20.4274583650959,0.7494,7.18097540468145,27.2584178877714
"98886-44-3","DTXSID0034930","Fosthiazate",-1.032118674,-0.616654622,7.77e-08,4.36e-06,0.0928712574906987,0.241738252324687,4.243,0.021888111593377,0.0569734273685332
"98967-40-9","DTXSID4032615","Flumetsulam",-1.646570562,-0.842248604,1.21e-07,8.31e-06,0.0225646934583431,0.143797519978963,9.012,0.00250384969577708,0.0159562272502178
"99-08-1","DTXSID5021831","3-Nitrotoluene",-1.2086732,-0.55848621,2.47e-07,1.24e-05,0.0618481623105512,0.276384567719719,2.055,0.0300964293482001,0.134493706919571
"99-99-0","DTXSID5023792","4-Nitrotoluene",0.455764853,1.05718357,2.56e-07,1.81e-05,2.8560437312671,11.4073185653927,0.5573,5.12478688546044,20.4689010683523
